family,config,IS n,IS PF,IS win,OOS n,OOS PF,OOS win,OOS R,OOS long PF,OOS short PF,SL hit %
MA cross,"EMA9/20 M30 trend ex(1.5, 2.0)",783,1.012,37.8,764,1.081,39.1,35.7,1.151,0.927,56.4
MA cross,"EMA9/20 M30 trend ex(2.0, 3.0)",738,1.031,40.4,726,1.113,40.6,43.0,1.2,0.921,49.2
MA cross,"EMA9/20 M30 trend ex(1.0, 2.0)",831,0.919,32.6,802,0.981,34.2,-10.0,1.026,0.876,65.2
MA cross,"EMA9/20 M30 ex(1.5, 2.0)",1417,0.922,36.1,1309,1.031,37.1,23.9,1.159,0.92,57.4
MA cross,"EMA9/20 M30 ex(2.0, 3.0)",1209,0.846,36.3,1127,1.075,38.4,45.5,1.219,0.956,51.5
MA cross,"EMA9/20 M30 ex(1.0, 2.0)",1663,0.863,31.4,1537,0.973,33.9,-26.7,1.098,0.858,66.0
MA cross,"EMA9/20 H1 trend ex(1.5, 2.0)",354,1.072,38.4,366,1.104,39.3,22.4,1.084,1.149,57.2
MA cross,"EMA9/20 H1 trend ex(2.0, 3.0)",331,1.154,41.4,347,1.211,43.8,37.1,1.285,1.035,48.2
MA cross,"EMA9/20 H1 trend ex(1.0, 2.0)",375,1.067,35.5,385,1.044,34.8,10.9,1.037,1.059,63.7
MA cross,"EMA9/20 H1 ex(1.5, 2.0)",665,0.968,35.3,647,0.968,35.5,-12.6,1.011,0.929,59.3
MA cross,"EMA9/20 H1 ex(2.0, 3.0)",559,1.054,38.3,547,1.053,41.3,15.2,1.144,0.973,49.5
MA cross,"EMA9/20 H1 ex(1.0, 2.0)",778,0.984,33.4,762,0.969,33.2,-15.4,1.043,0.899,65.1
MA cross,"EMA9/20 H4 trend ex(1.5, 2.0)",94,0.987,40.4,76,1.371,43.4,13.5,1.568,1.036,48.2
MA cross,"EMA9/20 H4 trend ex(2.0, 3.0)",89,0.897,41.6,72,1.351,44.4,9.8,1.906,0.577,36.6
MA cross,"EMA9/20 H4 trend ex(1.0, 2.0)",96,1.512,44.8,79,0.96,34.2,-2.0,1.138,0.655,56.0
MA cross,"EMA9/20 H4 ex(1.5, 2.0)",189,1.069,42.3,153,1.18,43.1,13.5,1.638,0.866,45.0
MA cross,"EMA9/20 H4 ex(2.0, 3.0)",169,0.92,42.0,137,1.024,46.0,1.3,1.556,0.663,36.3
MA cross,"EMA9/20 H4 ex(1.0, 2.0)",210,1.321,41.9,170,0.975,35.9,-2.6,1.337,0.696,56.8
MA cross,"EMA9/20 D1 trend ex(1.5, 2.0)",18,5.557,66.7,26,1.137,38.5,1.1,2.076,0.62,6.8
MA cross,"EMA9/20 D1 trend ex(2.0, 3.0)",18,3.719,61.1,26,1.229,38.5,1.4,1.801,0.868,2.3
MA cross,"EMA9/20 D1 trend ex(1.0, 2.0)",18,1.863,55.6,26,1.072,38.5,0.8,2.037,0.585,36.4
MA cross,"EMA9/20 D1 ex(1.5, 2.0)",24,3.742,62.5,32,1.289,37.5,2.9,3.523,0.668,7.1
MA cross,"EMA9/20 D1 ex(2.0, 3.0)",24,2.772,58.3,32,1.655,40.6,4.5,3.431,1.096,0.0
MA cross,"EMA9/20 D1 ex(1.0, 2.0)",25,1.555,52.0,34,1.086,38.2,1.3,2.12,0.612,32.2
MA cross,"EMA20/50 M30 trend ex(1.5, 2.0)",323,1.042,36.2,315,1.121,41.0,21.3,0.989,1.507,53.9
MA cross,"EMA20/50 M30 trend ex(2.0, 3.0)",321,1.064,37.1,310,1.142,41.0,22.3,1.099,1.253,46.8
MA cross,"EMA20/50 M30 trend ex(1.0, 2.0)",328,1.01,34.8,318,0.957,33.6,-9.0,0.836,1.307,64.4
MA cross,"EMA20/50 M30 ex(1.5, 2.0)",688,0.968,35.9,651,1.018,37.2,6.8,1.066,0.973,55.4
MA cross,"EMA20/50 M30 ex(2.0, 3.0)",653,1.071,37.7,620,1.041,37.7,13.6,1.042,1.04,47.8
MA cross,"EMA20/50 M30 ex(1.0, 2.0)",720,0.926,33.5,669,0.92,32.3,-35.4,0.917,0.922,64.5
MA cross,"EMA20/50 H1 trend ex(1.5, 2.0)",163,1.05,38.0,147,1.137,39.5,11.7,1.3,0.814,57.1
MA cross,"EMA20/50 H1 trend ex(2.0, 3.0)",159,1.34,44.0,143,1.175,41.3,12.8,1.432,0.662,46.0
MA cross,"EMA20/50 H1 trend ex(1.0, 2.0)",167,1.053,35.3,148,0.962,33.1,-3.8,1.11,0.667,64.8
MA cross,"EMA20/50 H1 ex(1.5, 2.0)",352,0.992,36.6,308,1.02,36.7,3.7,1.132,0.92,58.6
MA cross,"EMA20/50 H1 ex(2.0, 3.0)",328,1.046,38.7,285,1.054,40.0,8.0,1.215,0.91,48.1
MA cross,"EMA20/50 H1 ex(1.0, 2.0)",371,0.973,33.4,322,0.991,33.5,-1.9,1.059,0.927,65.4
MA cross,"EMA20/50 H4 trend ex(1.5, 2.0)",42,0.616,28.6,45,1.39,46.7,8.1,1.953,0.845,49.4
MA cross,"EMA20/50 H4 trend ex(2.0, 3.0)",42,0.672,33.3,45,1.597,48.9,9.8,1.847,1.295,36.8
MA cross,"EMA20/50 H4 trend ex(1.0, 2.0)",42,0.762,31.0,48,1.229,39.6,6.3,1.372,1.047,58.9
MA cross,"EMA20/50 H4 ex(1.5, 2.0)",88,0.848,34.1,92,1.107,39.1,5.2,1.683,0.7,49.4
MA cross,"EMA20/50 H4 ex(2.0, 3.0)",85,0.858,35.3,87,0.955,39.1,-1.9,1.392,0.606,41.3
MA cross,"EMA20/50 H4 ex(1.0, 2.0)",91,0.957,34.1,97,1.032,36.1,1.9,1.203,0.868,59.0
MA cross,"EMA20/50 D1 trend ex(1.5, 2.0)",15,0.783,40.0,7,5.254,42.9,2.2,13.306,0.0,13.6
MA cross,"EMA20/50 D1 trend ex(2.0, 3.0)",15,0.662,40.0,7,5.274,42.9,1.7,13.325,0.0,13.6
MA cross,"EMA20/50 D1 trend ex(1.0, 2.0)",15,0.455,26.7,7,2.723,42.9,2.5,4.024,0.0,36.4
MA cross,"EMA20/50 D1 ex(1.5, 2.0)",16,0.66,37.5,7,5.254,42.9,2.2,13.306,0.0,17.4
MA cross,"EMA20/50 D1 ex(2.0, 3.0)",15,0.662,40.0,7,5.274,42.9,1.7,13.325,0.0,13.6
MA cross,"EMA20/50 D1 ex(1.0, 2.0)",16,0.41,25.0,7,2.723,42.9,2.5,4.024,0.0,39.1
MA cross,"EMA50/200 M30 trend ex(1.5, 2.0)",103,1.054,40.8,81,0.732,29.6,-14.3,0.725,0.75,56.0
MA cross,"EMA50/200 M30 trend ex(2.0, 3.0)",101,1.131,43.6,80,1.029,37.5,1.3,1.178,0.733,44.8
MA cross,"EMA50/200 M30 trend ex(1.0, 2.0)",103,0.97,35.9,81,0.713,27.2,-16.7,0.765,0.588,64.1
MA cross,"EMA50/200 M30 ex(1.5, 2.0)",227,0.848,35.7,186,0.894,32.3,-12.1,0.965,0.828,55.7
MA cross,"EMA50/200 M30 ex(2.0, 3.0)",222,0.949,37.8,182,0.936,34.6,-6.3,1.096,0.808,46.5
MA cross,"EMA50/200 M30 ex(1.0, 2.0)",232,0.819,32.3,186,0.838,30.1,-20.5,0.963,0.723,65.6
MA cross,"EMA50/200 H1 trend ex(1.5, 2.0)",48,0.445,25.0,47,1.492,46.8,12.2,2.11,0.833,60.0
MA cross,"EMA50/200 H1 trend ex(2.0, 3.0)",48,0.428,27.1,46,1.66,47.8,14.2,2.029,1.197,47.9
MA cross,"EMA50/200 H1 trend ex(1.0, 2.0)",48,0.677,27.1,47,1.241,38.3,7.0,1.333,1.091,65.3
MA cross,"EMA50/200 H1 ex(1.5, 2.0)",109,0.718,30.3,101,1.177,40.6,10.2,1.813,0.731,60.0
MA cross,"EMA50/200 H1 ex(2.0, 3.0)",105,0.752,32.4,99,1.113,40.4,5.8,1.391,0.87,50.5
MA cross,"EMA50/200 H1 ex(1.0, 2.0)",109,0.891,31.2,101,0.859,30.7,-9.9,1.0,0.725,67.6
MA cross,"EMA50/200 H4 trend ex(1.5, 2.0)",19,2.631,63.2,23,1.887,52.2,8.1,6.712,0.544,33.3
MA cross,"EMA50/200 H4 trend ex(2.0, 3.0)",19,3.551,68.4,23,1.636,52.2,5.3,3.961,0.696,26.2
MA cross,"EMA50/200 H4 trend ex(1.0, 2.0)",19,2.611,57.9,23,0.754,30.4,-3.9,2.011,0.182,54.8
MA cross,"EMA50/200 H4 ex(1.5, 2.0)",21,2.545,61.9,25,1.549,48.0,6.1,4.474,0.478,37.0
MA cross,"EMA50/200 H4 ex(2.0, 3.0)",21,2.988,66.7,25,1.562,52.0,5.2,4.36,0.595,28.3
MA cross,"EMA50/200 H4 ex(1.0, 2.0)",21,2.061,52.4,25,0.67,28.0,-5.9,1.676,0.167,58.7
MA cross,"EMA50/200 D1 trend ex(1.5, 2.0)",8,3.509,62.5,4,0.7,25.0,-0.4,1.136,0.0,0.0
MA cross,"EMA50/200 D1 trend ex(2.0, 3.0)",8,0.935,50.0,4,0.67,25.0,-0.4,1.085,0.0,0.0
MA cross,"EMA50/200 D1 trend ex(1.0, 2.0)",8,1.298,50.0,4,0.0,0.0,-2.9,0.0,0.0,33.3
MA cross,"EMA50/200 D1 ex(1.5, 2.0)",8,3.509,62.5,4,0.7,25.0,-0.4,1.136,0.0,0.0
MA cross,"EMA50/200 D1 ex(2.0, 3.0)",8,0.935,50.0,4,0.67,25.0,-0.4,1.085,0.0,0.0
MA cross,"EMA50/200 D1 ex(1.0, 2.0)",8,1.298,50.0,4,0.0,0.0,-2.9,0.0,0.0,33.3
Donchian,"Donchian20 M30 trend ex(1.5, 2.0)",943,0.92,35.8,1033,1.058,37.9,35.7,1.133,0.867,59.2
Donchian,"Donchian20 M30 trend ex(2.0, 3.0)",787,0.951,36.6,832,1.137,39.5,63.2,1.239,0.874,53.2
Donchian,"Donchian20 M30 trend ex(1.0, 2.0)",1098,0.856,31.5,1223,1.037,35.0,29.5,1.057,0.982,65.8
Donchian,"Donchian20 M30 ex(1.5, 2.0)",1867,0.903,34.9,1861,0.994,36.0,-7.4,1.15,0.822,60.0
Donchian,"Donchian20 M30 ex(2.0, 3.0)",1539,0.946,35.3,1506,1.039,37.7,33.4,1.214,0.85,53.7
Donchian,"Donchian20 M30 ex(1.0, 2.0)",2208,0.853,31.2,2194,0.981,33.9,-27.0,1.081,0.862,66.5
Donchian,"Donchian20 H1 trend ex(1.5, 2.0)",458,0.841,34.1,514,1.222,40.7,66.1,1.37,0.862,59.4
Donchian,"Donchian20 H1 trend ex(2.0, 3.0)",397,0.841,35.5,411,1.236,41.6,51.4,1.28,1.101,53.0
Donchian,"Donchian20 H1 trend ex(1.0, 2.0)",542,0.812,30.4,620,1.086,36.1,33.9,1.141,0.93,65.8
Donchian,"Donchian20 H1 ex(1.5, 2.0)",872,0.895,34.5,898,1.071,38.0,37.7,1.33,0.791,58.9
Donchian,"Donchian20 H1 ex(2.0, 3.0)",737,0.871,35.5,724,1.13,40.1,50.4,1.306,0.925,51.7
Donchian,"Donchian20 H1 ex(1.0, 2.0)",1029,0.887,31.7,1066,1.042,35.1,28.6,1.181,0.865,65.4
Donchian,"Donchian20 H4 trend ex(1.5, 2.0)",160,0.716,34.4,167,1.875,52.1,60.5,2.269,1.121,48.0
Donchian,"Donchian20 H4 trend ex(2.0, 3.0)",137,0.677,38.7,140,1.859,52.9,43.3,2.138,1.244,36.8
Donchian,"Donchian20 H4 trend ex(1.0, 2.0)",184,0.784,31.0,201,1.494,44.3,53.0,1.703,1.0,59.5
Donchian,"Donchian20 H4 ex(1.5, 2.0)",248,0.762,34.7,240,1.531,48.3,57.0,2.359,0.782,48.0
Donchian,"Donchian20 H4 ex(2.0, 3.0)",220,0.737,37.7,205,1.426,47.8,35.3,2.24,0.692,38.1
Donchian,"Donchian20 H4 ex(1.0, 2.0)",283,0.793,31.4,287,1.41,43.6,63.1,1.91,0.821,58.9
Donchian,"Donchian20 D1 trend ex(1.5, 2.0)",52,0.772,34.6,59,2.055,59.3,16.5,2.102,1.912,18.0
Donchian,"Donchian20 D1 trend ex(2.0, 3.0)",52,0.673,32.7,59,1.536,57.6,7.4,1.512,1.625,9.9
Donchian,"Donchian20 D1 trend ex(1.0, 2.0)",54,0.968,37.0,63,1.699,54.0,17.4,1.709,1.666,35.0
Donchian,"Donchian20 D1 ex(1.5, 2.0)",52,0.772,34.6,60,2.041,58.3,16.4,2.102,1.857,17.9
Donchian,"Donchian20 D1 ex(2.0, 3.0)",52,0.673,32.7,60,1.527,56.7,7.4,1.512,1.58,9.8
Donchian,"Donchian20 D1 ex(1.0, 2.0)",54,0.968,37.0,64,1.688,53.1,17.3,1.709,1.615,34.7
Donchian,"Donchian55 M30 trend ex(1.5, 2.0)",526,0.904,35.4,616,1.131,39.4,47.4,1.223,0.857,58.4
Donchian,"Donchian55 M30 trend ex(2.0, 3.0)",454,0.86,34.8,500,1.214,41.4,57.4,1.337,0.879,51.9
Donchian,"Donchian55 M30 trend ex(1.0, 2.0)",609,0.833,30.5,732,1.154,37.4,70.2,1.182,1.06,64.6
Donchian,"Donchian55 M30 ex(1.5, 2.0)",986,0.947,35.7,1023,1.049,37.7,30.0,1.271,0.771,58.3
Donchian,"Donchian55 M30 ex(2.0, 3.0)",840,0.936,36.0,847,1.102,40.0,46.8,1.302,0.859,51.3
Donchian,"Donchian55 M30 ex(1.0, 2.0)",1159,0.886,31.5,1202,1.093,36.4,70.4,1.188,0.951,64.5
Donchian,"Donchian55 H1 trend ex(1.5, 2.0)",279,0.78,32.6,354,1.261,41.2,53.5,1.413,0.846,59.7
Donchian,"Donchian55 H1 trend ex(2.0, 3.0)",245,0.819,34.3,283,1.232,41.7,35.7,1.339,0.921,54.7
Donchian,"Donchian55 H1 trend ex(1.0, 2.0)",332,0.826,30.4,433,1.122,36.7,33.3,1.201,0.86,65.5
Donchian,"Donchian55 H1 ex(1.5, 2.0)",483,0.809,33.5,540,1.214,40.6,66.1,1.462,0.87,58.8
Donchian,"Donchian55 H1 ex(2.0, 3.0)",422,0.859,35.1,439,1.169,41.2,39.3,1.404,0.845,52.4
Donchian,"Donchian55 H1 ex(1.0, 2.0)",582,0.846,30.8,651,1.134,36.9,54.4,1.279,0.901,65.1
Donchian,"Donchian55 H4 trend ex(1.5, 2.0)",125,0.92,40.0,125,1.935,55.2,48.1,2.143,1.302,46.4
Donchian,"Donchian55 H4 trend ex(2.0, 3.0)",104,0.858,43.3,103,2.035,57.3,38.2,2.297,1.265,36.2
Donchian,"Donchian55 H4 trend ex(1.0, 2.0)",143,0.842,33.6,153,1.519,45.8,42.4,1.633,1.111,59.1
Donchian,"Donchian55 H4 ex(1.5, 2.0)",154,0.902,39.6,159,1.471,49.1,34.9,2.064,0.619,49.8
Donchian,"Donchian55 H4 ex(2.0, 3.0)",131,0.799,43.5,133,1.499,49.6,28.4,2.183,0.616,40.9
Donchian,"Donchian55 H4 ex(1.0, 2.0)",179,0.826,33.5,188,1.352,43.1,37.2,1.628,0.812,60.8
Donchian,"Donchian55 D1 trend ex(1.5, 2.0)",30,0.647,36.7,41,2.867,65.9,16.2,3.237,0.943,18.3
Donchian,"Donchian55 D1 trend ex(2.0, 3.0)",30,0.715,36.7,41,1.958,63.4,7.7,2.072,1.073,7.0
Donchian,"Donchian55 D1 trend ex(1.0, 2.0)",31,1.078,41.9,44,2.247,61.4,18.2,2.359,1.34,30.7
Donchian,"Donchian55 D1 ex(1.5, 2.0)",30,0.647,36.7,41,2.867,65.9,16.2,3.237,0.943,18.3
Donchian,"Donchian55 D1 ex(2.0, 3.0)",30,0.715,36.7,41,1.958,63.4,7.7,2.072,1.073,7.0
Donchian,"Donchian55 D1 ex(1.0, 2.0)",31,1.078,41.9,44,2.247,61.4,18.2,2.359,1.34,30.7
Bollinger breakout,"BB20 break M30 trend ex(1.5, 2.0)",907,1.001,37.5,934,1.029,37.0,16.2,1.121,0.826,59.1
Bollinger breakout,"BB20 break M30 trend ex(2.0, 3.0)",778,0.972,37.8,798,1.128,39.2,55.9,1.258,0.843,52.7
Bollinger breakout,"BB20 break M30 trend ex(1.0, 2.0)",1034,0.896,32.1,1060,1.049,35.2,33.6,1.117,0.894,65.4
Bollinger breakout,"BB20 break M30 ex(1.5, 2.0)",1810,0.967,36.4,1777,0.967,35.6,-36.1,1.129,0.814,60.1
Bollinger breakout,"BB20 break M30 ex(2.0, 3.0)",1527,0.99,37.0,1482,1.02,37.4,16.4,1.23,0.824,53.5
Bollinger breakout,"BB20 break M30 ex(1.0, 2.0)",2097,0.905,32.1,2032,0.999,34.0,-1.0,1.168,0.836,65.9
Bollinger breakout,"BB20 break H1 trend ex(1.5, 2.0)",443,0.926,36.6,467,1.107,38.1,30.0,1.198,0.892,59.7
Bollinger breakout,"BB20 break H1 trend ex(2.0, 3.0)",392,0.945,37.5,399,1.187,40.9,39.9,1.306,0.903,51.8
Bollinger breakout,"BB20 break H1 trend ex(1.0, 2.0)",521,0.967,34.0,524,1.038,34.9,12.9,1.123,0.835,64.8
Bollinger breakout,"BB20 break H1 ex(1.5, 2.0)",862,0.987,36.5,868,0.975,35.7,-13.2,1.146,0.811,58.8
Bollinger breakout,"BB20 break H1 ex(2.0, 3.0)",739,1.0,38.2,728,1.103,39.6,39.9,1.323,0.886,50.2
Bollinger breakout,"BB20 break H1 ex(1.0, 2.0)",1012,1.014,34.4,977,0.967,33.4,-21.4,1.162,0.779,64.8
Bollinger breakout,"BB20 break H4 trend ex(1.5, 2.0)",134,0.933,40.3,138,1.754,49.3,44.6,2.364,0.807,44.1
Bollinger breakout,"BB20 break H4 trend ex(2.0, 3.0)",120,0.986,45.8,126,1.614,49.2,30.3,2.286,0.672,35.8
Bollinger breakout,"BB20 break H4 trend ex(1.0, 2.0)",147,1.002,38.1,152,1.633,47.4,49.6,2.28,0.645,55.5
Bollinger breakout,"BB20 break H4 ex(1.5, 2.0)",226,0.798,36.3,225,1.37,44.9,39.8,2.235,0.686,48.6
Bollinger breakout,"BB20 break H4 ex(2.0, 3.0)",208,0.768,40.4,205,1.302,45.9,26.2,2.315,0.604,40.2
Bollinger breakout,"BB20 break H4 ex(1.0, 2.0)",246,0.883,34.6,244,1.47,45.1,61.0,2.245,0.799,57.6
Bollinger breakout,"BB20 break D1 trend ex(1.5, 2.0)",35,1.035,48.6,47,2.572,59.6,16.9,3.064,1.744,15.9
Bollinger breakout,"BB20 break D1 trend ex(2.0, 3.0)",35,0.902,45.7,47,1.602,55.3,6.5,1.638,1.512,9.8
Bollinger breakout,"BB20 break D1 trend ex(1.0, 2.0)",36,1.305,47.2,48,2.375,56.2,20.4,2.764,1.653,27.4
Bollinger breakout,"BB20 break D1 ex(1.5, 2.0)",38,1.341,50.0,48,2.545,58.3,16.8,3.064,1.696,15.1
Bollinger breakout,"BB20 break D1 ex(2.0, 3.0)",38,1.354,47.4,48,1.59,54.2,6.4,1.638,1.471,9.3
Bollinger breakout,"BB20 break D1 ex(1.0, 2.0)",39,1.517,48.7,49,2.347,55.1,20.2,2.764,1.6,26.1
Keltner breakout,"Keltner break M30 trend ex(1.5, 2.0)",531,0.948,36.7,645,1.054,37.7,20.5,1.105,0.909,57.6
Keltner breakout,"Keltner break M30 trend ex(2.0, 3.0)",470,1.057,39.6,549,1.225,41.7,64.4,1.355,0.882,48.4
Keltner breakout,"Keltner break M30 trend ex(1.0, 2.0)",601,0.826,30.8,734,1.087,36.2,40.4,1.157,0.902,64.8
Keltner breakout,"Keltner break M30 ex(1.5, 2.0)",1058,0.956,36.4,1183,0.981,36.3,-13.5,1.13,0.826,58.4
Keltner breakout,"Keltner break M30 ex(2.0, 3.0)",930,1.023,38.3,1008,1.047,38.9,25.7,1.278,0.81,50.5
Keltner breakout,"Keltner break M30 ex(1.0, 2.0)",1214,0.901,32.4,1350,1.037,35.1,32.6,1.179,0.89,64.9
Keltner breakout,"Keltner break H1 trend ex(1.5, 2.0)",286,0.863,35.0,347,1.3,42.1,58.3,1.467,0.881,58.3
Keltner breakout,"Keltner break H1 trend ex(2.0, 3.0)",254,0.93,37.4,300,1.264,43.7,41.0,1.372,0.967,51.6
Keltner breakout,"Keltner break H1 trend ex(1.0, 2.0)",326,0.97,34.4,397,1.22,38.8,53.0,1.271,1.062,62.5
Keltner breakout,"Keltner break H1 ex(1.5, 2.0)",541,0.998,37.2,613,1.09,38.5,32.0,1.339,0.811,57.2
Keltner breakout,"Keltner break H1 ex(2.0, 3.0)",469,1.02,38.4,523,1.093,40.2,26.0,1.308,0.849,49.8
Keltner breakout,"Keltner break H1 ex(1.0, 2.0)",620,1.035,35.2,698,1.054,35.4,24.1,1.185,0.892,63.4
Keltner breakout,"Keltner break H4 trend ex(1.5, 2.0)",106,0.904,36.8,111,2.421,60.4,57.7,2.881,1.221,44.2
Keltner breakout,"Keltner break H4 trend ex(2.0, 3.0)",91,0.861,44.0,100,2.079,60.0,36.0,2.205,1.601,34.0
Keltner breakout,"Keltner break H4 trend ex(1.0, 2.0)",117,0.972,35.9,131,1.987,51.9,60.9,2.394,1.0,54.4
Keltner breakout,"Keltner break H4 ex(1.5, 2.0)",149,0.944,39.6,164,1.631,51.8,45.6,2.459,0.726,46.3
Keltner breakout,"Keltner break H4 ex(2.0, 3.0)",133,0.839,42.9,149,1.504,51.0,29.8,2.052,0.808,37.6
Keltner breakout,"Keltner break H4 ex(1.0, 2.0)",164,0.952,36.0,188,1.59,46.8,57.3,2.084,0.938,56.5
Keltner breakout,"Keltner break D1 trend ex(1.5, 2.0)",28,1.241,57.1,34,2.759,67.6,13.3,2.636,3.705,16.1
Keltner breakout,"Keltner break D1 trend ex(2.0, 3.0)",28,1.309,57.1,34,2.53,67.6,10.0,2.4,3.71,8.1
Keltner breakout,"Keltner break D1 trend ex(1.0, 2.0)",29,0.765,41.4,35,3.151,65.7,20.6,2.789,5.408,32.8
Keltner breakout,"Keltner break D1 ex(1.5, 2.0)",28,1.241,57.1,34,2.759,67.6,13.3,2.636,3.705,16.1
Keltner breakout,"Keltner break D1 ex(2.0, 3.0)",28,1.309,57.1,34,2.53,67.6,10.0,2.4,3.71,8.1
Keltner breakout,"Keltner break D1 ex(1.0, 2.0)",29,0.765,41.4,35,3.151,65.7,20.6,2.789,5.408,32.8
Supertrend,"Supertrend flip M30 trend ex(1.5, 2.0)",418,1.004,39.5,449,1.008,38.3,2.2,0.992,1.052,56.9
Supertrend,"Supertrend flip M30 trend ex(2.0, 3.0)",418,0.992,40.7,448,1.153,41.3,36.2,1.183,1.074,50.1
Supertrend,"Supertrend flip M30 trend ex(1.0, 2.0)",418,0.872,32.8,449,0.933,33.2,-19.9,0.859,1.139,66.0
Supertrend,"Supertrend flip M30 ex(1.5, 2.0)",890,0.964,38.1,931,0.925,35.8,-43.3,1.001,0.852,58.6
Supertrend,"Supertrend flip M30 ex(2.0, 3.0)",866,1.048,40.2,899,1.043,39.0,20.9,1.159,0.933,50.7
Supertrend,"Supertrend flip M30 ex(1.0, 2.0)",895,0.879,32.8,937,0.835,30.7,-106.7,0.871,0.8,67.4
Supertrend,"Supertrend flip H1 trend ex(1.5, 2.0)",189,0.877,36.0,206,1.272,42.7,30.2,1.409,1.006,56.2
Supertrend,"Supertrend flip H1 trend ex(2.0, 3.0)",189,0.805,39.2,205,1.369,46.3,34.8,1.553,0.992,45.7
Supertrend,"Supertrend flip H1 trend ex(1.0, 2.0)",189,0.835,30.7,206,1.164,38.3,20.5,1.228,1.021,64.1
Supertrend,"Supertrend flip H1 ex(1.5, 2.0)",420,0.925,35.5,438,0.938,35.8,-16.5,1.238,0.713,58.0
Supertrend,"Supertrend flip H1 ex(2.0, 3.0)",407,0.867,37.1,424,1.167,42.5,34.8,1.437,0.943,47.3
Supertrend,"Supertrend flip H1 ex(1.0, 2.0)",426,0.89,31.7,444,0.931,32.9,-20.1,1.15,0.745,65.9
Supertrend,"Supertrend flip H4 trend ex(1.5, 2.0)",56,0.911,37.5,45,1.928,53.3,15.9,2.571,0.813,43.6
Supertrend,"Supertrend flip H4 trend ex(2.0, 3.0)",56,0.606,39.3,45,1.456,51.1,6.7,1.731,0.796,35.6
Supertrend,"Supertrend flip H4 trend ex(1.0, 2.0)",56,1.053,37.5,45,1.377,42.2,9.6,1.525,0.937,57.4
Supertrend,"Supertrend flip H4 ex(1.5, 2.0)",129,0.991,41.1,103,1.516,47.6,23.1,2.326,1.025,42.2
Supertrend,"Supertrend flip H4 ex(2.0, 3.0)",124,0.931,44.4,102,1.131,48.0,5.1,1.706,0.759,32.7
Supertrend,"Supertrend flip H4 ex(1.0, 2.0)",129,0.939,36.4,104,1.34,41.3,19.7,1.972,0.881,57.1
Supertrend,"Supertrend flip D1 trend ex(1.5, 2.0)",15,1.244,53.3,16,2.552,56.2,5.0,3.44,1.05,9.7
Supertrend,"Supertrend flip D1 trend ex(2.0, 3.0)",15,1.225,53.3,16,2.672,56.2,4.5,3.497,1.041,6.5
Supertrend,"Supertrend flip D1 trend ex(1.0, 2.0)",15,0.845,46.7,16,1.354,50.0,2.0,1.46,1.135,32.3
Supertrend,"Supertrend flip D1 ex(1.5, 2.0)",17,1.241,52.9,24,1.053,37.5,0.4,3.44,0.217,14.6
Supertrend,"Supertrend flip D1 ex(2.0, 3.0)",17,1.222,52.9,24,1.117,37.5,0.7,3.497,0.202,9.8
Supertrend,"Supertrend flip D1 ex(1.0, 2.0)",17,0.726,41.2,24,0.65,33.3,-4.1,1.46,0.264,39.0
MACD,"MACD cross M30 trend ex(1.5, 2.0)",1214,1.039,39.5,1258,1.075,39.6,54.1,1.195,0.825,55.3
MACD,"MACD cross M30 trend ex(2.0, 3.0)",1122,0.992,40.8,1156,1.015,40.4,9.0,1.149,0.729,49.2
MACD,"MACD cross M30 trend ex(1.0, 2.0)",1334,1.013,35.8,1335,1.036,35.4,30.4,1.128,0.829,63.1
MACD,"MACD cross H1 trend ex(1.5, 2.0)",605,0.981,37.9,604,1.278,42.1,91.4,1.313,1.194,55.8
MACD,"MACD cross H1 trend ex(2.0, 3.0)",554,0.994,41.2,560,1.287,42.9,80.2,1.325,1.199,48.4
MACD,"MACD cross H1 trend ex(1.0, 2.0)",657,1.004,34.9,660,1.279,39.4,109.8,1.311,1.203,61.8
MACD,"MACD cross H4 trend ex(1.5, 2.0)",153,1.005,40.5,166,1.311,44.0,25.5,1.523,0.837,47.3
MACD,"MACD cross H4 trend ex(2.0, 3.0)",147,0.996,42.9,157,1.33,45.9,21.9,1.694,0.535,37.8
MACD,"MACD cross H4 trend ex(1.0, 2.0)",161,1.225,41.0,179,1.028,36.9,3.1,1.204,0.674,58.8
MACD,"MACD cross D1 trend ex(1.5, 2.0)",23,1.193,47.8,34,1.763,55.9,5.5,2.16,1.125,15.8
MACD,"MACD cross D1 trend ex(2.0, 3.0)",23,0.918,43.5,34,1.866,55.9,4.6,2.095,1.434,7.0
MACD,"MACD cross D1 trend ex(1.0, 2.0)",24,1.183,45.8,34,1.387,52.9,4.6,1.552,1.027,29.3
ADX/DI,"ADX DI cross M30 trend ex(1.5, 2.0)",521,0.871,36.7,524,0.968,37.6,-10.0,0.943,1.031,58.4
ADX/DI,"ADX DI cross M30 trend ex(2.0, 3.0)",503,0.924,38.6,504,0.927,40.1,-19.7,0.944,0.884,50.5
ADX/DI,"ADX DI cross M30 trend ex(1.0, 2.0)",547,0.812,30.9,558,0.905,31.9,-35.4,0.907,0.901,67.3
ADX/DI,"ADX DI cross M30 ex(1.5, 2.0)",866,0.902,36.7,835,0.902,35.3,-49.6,0.973,0.837,58.8
ADX/DI,"ADX DI cross M30 ex(2.0, 3.0)",742,1.026,40.2,731,0.871,36.8,-52.5,0.977,0.777,50.9
ADX/DI,"ADX DI cross M30 ex(1.0, 2.0)",1023,0.847,31.6,998,0.834,30.3,-114.2,0.885,0.785,68.0
ADX/DI,"ADX DI cross H1 trend ex(1.5, 2.0)",255,0.78,32.5,264,1.085,40.2,13.0,1.205,0.859,60.1
ADX/DI,"ADX DI cross H1 trend ex(2.0, 3.0)",247,0.875,36.8,254,1.011,42.5,1.4,1.203,0.688,48.1
ADX/DI,"ADX DI cross H1 trend ex(1.0, 2.0)",264,0.787,29.2,285,0.855,30.9,-28.2,0.95,0.662,68.9
ADX/DI,"ADX DI cross H1 ex(1.5, 2.0)",437,0.886,34.8,407,0.958,36.9,-10.2,1.21,0.738,58.6
ADX/DI,"ADX DI cross H1 ex(2.0, 3.0)",389,0.973,38.0,354,1.036,42.4,6.3,1.299,0.799,47.2
ADX/DI,"ADX DI cross H1 ex(1.0, 2.0)",530,0.869,31.1,500,0.862,31.4,-46.5,0.986,0.748,67.1
ADX/DI,"ADX DI cross H4 trend ex(1.5, 2.0)",57,0.934,40.4,69,1.248,42.0,8.9,1.44,0.626,51.6
ADX/DI,"ADX DI cross H4 trend ex(2.0, 3.0)",56,0.796,41.1,68,1.341,47.1,10.5,1.351,1.295,40.3
ADX/DI,"ADX DI cross H4 trend ex(1.0, 2.0)",59,0.635,28.8,70,1.092,37.1,3.9,1.216,0.694,65.1
ADX/DI,"ADX DI cross H4 ex(1.5, 2.0)",112,1.136,46.4,116,1.347,46.6,19.1,1.559,1.192,41.7
ADX/DI,"ADX DI cross H4 ex(2.0, 3.0)",102,1.087,48.0,106,1.376,50.0,16.6,1.649,1.154,31.2
ADX/DI,"ADX DI cross H4 ex(1.0, 2.0)",130,0.973,37.7,141,1.139,39.7,11.5,1.435,0.919,58.3
ADX/DI,"ADX DI cross D1 trend ex(1.5, 2.0)",6,3.562,83.3,16,1.623,43.8,2.4,2.533,0.0,4.5
ADX/DI,"ADX DI cross D1 trend ex(2.0, 3.0)",6,3.547,83.3,16,1.412,43.8,1.3,2.106,0.0,4.5
ADX/DI,"ADX DI cross D1 trend ex(1.0, 2.0)",6,2.577,83.3,16,0.847,37.5,-1.0,1.278,0.0,22.7
ADX/DI,"ADX DI cross D1 ex(1.5, 2.0)",14,6.491,78.6,25,0.448,24.0,-6.4,1.948,0.049,17.9
ADX/DI,"ADX DI cross D1 ex(2.0, 3.0)",14,7.283,78.6,23,0.457,26.1,-4.3,2.195,0.052,8.1
ADX/DI,"ADX DI cross D1 ex(1.0, 2.0)",14,5.611,78.6,26,0.316,23.1,-10.6,0.962,0.062,30.0
Parabolic SAR,"PSAR flip M30 trend ex(1.5, 2.0)",1428,0.969,37.1,1464,1.079,39.1,66.8,1.109,1.005,57.6
Parabolic SAR,"PSAR flip M30 trend ex(2.0, 3.0)",1283,0.972,38.2,1298,1.099,41.1,67.6,1.158,0.954,52.0
Parabolic SAR,"PSAR flip M30 trend ex(1.0, 2.0)",1517,0.914,32.9,1569,0.972,34.0,-28.3,0.99,0.93,65.3
Parabolic SAR,"PSAR flip H1 trend ex(1.5, 2.0)",683,1.028,38.7,695,1.163,40.9,64.0,1.192,1.096,56.7
Parabolic SAR,"PSAR flip H1 trend ex(2.0, 3.0)",627,0.944,39.4,637,1.144,42.5,47.4,1.198,1.019,50.0
Parabolic SAR,"PSAR flip H1 trend ex(1.0, 2.0)",726,1.057,35.7,748,1.039,35.2,18.6,1.069,0.97,63.7
Parabolic SAR,"PSAR flip H4 trend ex(1.5, 2.0)",173,0.783,35.3,159,1.426,44.0,31.5,1.641,0.996,50.9
Parabolic SAR,"PSAR flip H4 trend ex(2.0, 3.0)",166,0.769,40.4,156,1.526,46.8,32.3,2.013,0.632,40.4
Parabolic SAR,"PSAR flip H4 trend ex(1.0, 2.0)",178,0.863,33.1,162,1.136,37.7,13.1,1.429,0.628,61.2
Parabolic SAR,"PSAR flip D1 trend ex(1.5, 2.0)",27,2.267,59.3,33,2.542,54.5,9.3,3.374,1.576,10.0
Parabolic SAR,"PSAR flip D1 trend ex(2.0, 3.0)",27,1.596,55.6,33,2.219,54.5,5.9,2.872,1.308,6.7
Parabolic SAR,"PSAR flip D1 trend ex(1.0, 2.0)",27,2.07,55.6,34,2.101,50.0,9.9,2.872,1.14,24.6
Ichimoku,"Ichimoku TK M30 trend ex(1.5, 2.0)",415,1.031,38.6,401,1.201,41.4,44.1,1.323,0.87,53.4
Ichimoku,"Ichimoku TK M30 trend ex(2.0, 3.0)",403,0.972,39.5,386,1.257,44.0,49.5,1.348,0.985,47.1
Ichimoku,"Ichimoku TK M30 trend ex(1.0, 2.0)",425,0.878,32.5,410,1.158,38.5,39.3,1.219,0.967,62.3
Ichimoku,"Ichimoku TK M30 ex(1.5, 2.0)",760,1.031,38.3,708,1.134,39.5,54.0,1.276,0.959,54.4
Ichimoku,"Ichimoku TK M30 ex(2.0, 3.0)",730,1.009,39.3,678,1.225,42.6,77.8,1.33,1.093,46.8
Ichimoku,"Ichimoku TK M30 ex(1.0, 2.0)",786,0.898,32.7,731,1.033,35.3,15.3,1.227,0.801,63.9
Ichimoku,"Ichimoku TK H1 trend ex(1.5, 2.0)",241,1.061,38.6,207,1.318,41.5,37.5,1.382,1.174,57.8
Ichimoku,"Ichimoku TK H1 trend ex(2.0, 3.0)",229,1.002,39.3,198,1.614,47.5,59.8,1.79,1.182,50.1
Ichimoku,"Ichimoku TK H1 trend ex(1.0, 2.0)",248,1.056,35.5,212,1.218,38.7,28.3,1.305,1.02,62.4
Ichimoku,"Ichimoku TK H1 ex(1.5, 2.0)",397,1.035,37.3,345,1.187,39.4,37.9,1.367,0.99,58.4
Ichimoku,"Ichimoku TK H1 ex(2.0, 3.0)",381,0.9,36.2,328,1.353,43.6,59.6,1.74,0.925,52.0
Ichimoku,"Ichimoku TK H1 ex(1.0, 2.0)",407,1.071,35.4,358,1.243,38.8,52.8,1.42,1.05,62.2
Ichimoku,"Ichimoku TK H4 trend ex(1.5, 2.0)",68,1.031,39.7,54,1.33,50.0,8.3,2.373,0.033,47.5
Ichimoku,"Ichimoku TK H4 trend ex(2.0, 3.0)",66,1.043,42.4,53,1.073,47.2,1.7,1.982,0.025,38.7
Ichimoku,"Ichimoku TK H4 trend ex(1.0, 2.0)",70,1.064,37.1,54,1.245,42.6,7.6,1.897,0.213,58.1
Ichimoku,"Ichimoku TK H4 ex(1.5, 2.0)",98,1.018,38.8,82,1.317,50.0,12.4,2.4,0.29,46.7
Ichimoku,"Ichimoku TK H4 ex(2.0, 3.0)",95,1.09,42.1,77,1.254,50.6,8.2,2.408,0.255,34.9
Ichimoku,"Ichimoku TK H4 ex(1.0, 2.0)",100,1.032,37.0,83,1.303,43.4,14.2,1.848,0.627,57.4
Ichimoku,"Ichimoku TK D1 trend ex(1.5, 2.0)",13,1.898,53.8,19,1.309,63.2,1.8,1.866,0.607,18.8
Ichimoku,"Ichimoku TK D1 trend ex(2.0, 3.0)",13,1.168,46.2,19,1.094,63.2,0.5,1.467,0.544,12.5
Ichimoku,"Ichimoku TK D1 trend ex(1.0, 2.0)",13,1.239,46.2,19,1.215,57.9,1.7,1.445,0.84,40.6
Ichimoku,"Ichimoku TK D1 ex(1.5, 2.0)",13,1.898,53.8,21,1.377,66.7,2.2,1.874,0.751,17.6
Ichimoku,"Ichimoku TK D1 ex(2.0, 3.0)",13,1.168,46.2,21,1.15,66.7,0.8,1.472,0.674,11.8
Ichimoku,"Ichimoku TK D1 ex(1.0, 2.0)",13,1.239,46.2,21,1.29,61.9,2.3,1.453,1.027,38.2
Heikin-Ashi,"HA flip M30 trend ex(1.5, 2.0)",2083,0.955,37.4,2062,1.05,39.3,58.3,1.095,0.943,55.6
Heikin-Ashi,"HA flip M30 trend ex(2.0, 3.0)",1734,0.993,38.6,1729,1.076,41.5,68.4,1.152,0.907,49.5
Heikin-Ashi,"HA flip M30 trend ex(1.0, 2.0)",2592,0.907,33.1,2635,1.009,34.9,14.9,1.064,0.891,64.2
Heikin-Ashi,"HA flip H1 trend ex(1.5, 2.0)",1033,1.007,38.1,1040,1.126,40.0,74.7,1.236,0.901,56.5
Heikin-Ashi,"HA flip H1 trend ex(2.0, 3.0)",858,1.0,41.4,855,1.104,42.0,45.6,1.229,0.824,48.6
Heikin-Ashi,"HA flip H1 trend ex(1.0, 2.0)",1294,0.958,33.6,1334,1.04,35.2,34.1,1.152,0.81,64.6
Heikin-Ashi,"HA flip H4 trend ex(1.5, 2.0)",289,1.156,42.9,297,1.229,44.8,33.0,1.384,0.899,46.2
Heikin-Ashi,"HA flip H4 trend ex(2.0, 3.0)",250,1.238,47.6,261,1.427,50.2,43.1,1.671,0.928,35.4
Heikin-Ashi,"HA flip H4 trend ex(1.0, 2.0)",342,1.133,38.6,352,1.272,41.5,53.7,1.408,0.966,56.6
TSMOM,"TSMOM 20d D1 ex(2.0,)",491,0.819,43.8,494,1.024,49.8,1.6,1.228,0.684,1.8
TSMOM,"TSMOM 20d D1 ex(3.0,)",491,0.796,43.4,494,1.019,50.2,0.8,1.227,0.676,0.6
TSMOM,"TSMOM 60d D1 ex(2.0,)",470,0.889,47.4,495,1.092,52.1,5.9,1.228,0.745,2.1
TSMOM,"TSMOM 60d D1 ex(3.0,)",470,0.879,47.0,494,1.12,53.0,5.1,1.274,0.736,0.6
TSMOM,"TSMOM 120d D1 ex(2.0,)",437,0.93,49.2,495,1.197,54.3,12.0,1.269,0.846,2.1
TSMOM,"TSMOM 120d D1 ex(3.0,)",437,0.888,48.5,494,1.182,54.5,7.5,1.285,0.746,0.6
RSI(2),"RSI2<5 M30 trend ex('sig', 2.0)",1288,0.977,60.0,1362,0.92,59.4,-31.5,1.023,0.718,25.0
RSI(2),"RSI2<5 M30 trend ex('sig', 3.0)",1172,0.986,61.7,1232,0.979,61.9,-5.0,1.043,0.844,13.6
RSI(2),"RSI2<5 M30 trend ex(1.5, 1.0)",1335,0.979,49.7,1451,1.027,51.1,19.1,1.089,0.897,47.7
RSI(2),"RSI2<5 M30 trend ex(1.5, 2.0)",1271,0.999,38.1,1379,1.061,38.9,50.0,1.1,0.975,57.7
RSI(2),"RSI2<5 H1 trend ex('sig', 2.0)",666,1.025,60.4,691,0.993,60.1,-1.3,1.014,0.956,22.3
RSI(2),"RSI2<5 H1 trend ex('sig', 3.0)",603,1.073,63.3,628,0.95,61.8,-5.5,1.009,0.842,11.9
RSI(2),"RSI2<5 H1 trend ex(1.5, 1.0)",712,0.964,49.6,736,0.97,49.7,-10.9,1.013,0.88,48.9
RSI(2),"RSI2<5 H1 trend ex(1.5, 2.0)",670,1.024,37.9,682,0.939,37.8,-25.0,0.968,0.876,58.9
RSI(2),"RSI2<5 H4 trend ex('sig', 2.0)",168,0.707,57.1,146,0.693,58.9,-13.9,0.719,0.644,26.1
RSI(2),"RSI2<5 H4 trend ex('sig', 3.0)",154,0.74,60.4,133,0.711,57.9,-7.8,0.79,0.598,12.5
RSI(2),"RSI2<5 H4 trend ex(1.5, 1.0)",184,0.767,44.0,153,0.784,45.8,-16.9,1.03,0.458,50.1
RSI(2),"RSI2<5 H4 trend ex(1.5, 2.0)",177,0.849,36.7,151,0.796,39.7,-17.7,1.056,0.425,56.1
RSI(2),"RSI2<5 D1 trend ex('sig', 2.0)",8,2.863,62.5,11,1.848,72.7,1.5,3.829,0.319,5.3
RSI(2),"RSI2<5 D1 trend ex('sig', 3.0)",8,2.86,62.5,11,1.441,72.7,0.7,3.825,0.212,5.3
RSI(2),"RSI2<5 D1 trend ex(1.5, 1.0)",8,2.521,62.5,11,2.273,72.7,2.6,4.072,0.425,5.3
RSI(2),"RSI2<5 D1 trend ex(1.5, 2.0)",8,0.938,50.0,11,2.473,72.7,3.0,4.465,0.425,5.3
RSI(2),"RSI2<10 M30 trend ex('sig', 2.0)",2268,1.003,61.4,2302,0.896,60.6,-66.3,0.97,0.744,23.4
RSI(2),"RSI2<10 M30 trend ex('sig', 3.0)",2047,1.015,63.1,2054,0.883,63.0,-45.6,0.96,0.733,13.0
RSI(2),"RSI2<10 M30 trend ex(1.5, 1.0)",2196,0.975,49.5,2286,0.984,50.0,-17.5,1.062,0.829,48.0
RSI(2),"RSI2<10 M30 trend ex(1.5, 2.0)",1982,0.991,37.9,2023,1.005,38.2,6.6,1.085,0.84,57.7
RSI(2),"RSI2<10 H1 trend ex('sig', 2.0)",1143,1.076,61.5,1149,1.018,62.6,5.1,1.084,0.9,21.0
RSI(2),"RSI2<10 H1 trend ex('sig', 3.0)",1051,1.091,64.7,1026,0.993,63.3,-1.2,1.106,0.797,11.2
RSI(2),"RSI2<10 H1 trend ex(1.5, 1.0)",1143,0.997,50.4,1140,0.972,49.7,-16.0,1.052,0.809,48.4
RSI(2),"RSI2<10 H1 trend ex(1.5, 2.0)",1024,1.045,38.9,988,0.995,38.7,-2.9,1.069,0.842,57.9
RSI(2),"RSI2<10 H4 trend ex('sig', 2.0)",291,0.82,57.4,279,0.885,62.0,-8.5,0.859,0.939,22.1
RSI(2),"RSI2<10 H4 trend ex('sig', 3.0)",272,0.82,60.3,255,0.895,63.9,-4.8,0.879,0.924,12.1
RSI(2),"RSI2<10 H4 trend ex(1.5, 1.0)",300,0.937,49.3,281,1.106,53.0,12.7,1.338,0.757,42.9
RSI(2),"RSI2<10 H4 trend ex(1.5, 2.0)",275,1.056,42.5,259,1.093,45.2,11.9,1.258,0.826,48.3
RSI(2),"RSI2<10 D1 trend ex('sig', 2.0)",18,0.608,38.9,31,1.569,67.7,2.4,2.547,0.574,8.2
RSI(2),"RSI2<10 D1 trend ex('sig', 3.0)",18,0.474,38.9,31,1.266,67.7,0.9,2.055,0.465,8.2
RSI(2),"RSI2<10 D1 trend ex(1.5, 1.0)",18,0.655,38.9,32,1.452,62.5,3.1,1.825,0.778,14.0
RSI(2),"RSI2<10 D1 trend ex(1.5, 2.0)",18,0.37,33.3,32,1.623,62.5,4.3,2.069,0.818,14.0
RSI(2),"RSI2<20 M30 trend ex('sig', 2.0)",3714,0.967,62.0,3735,0.956,61.8,-42.0,1.026,0.814,21.8
RSI(2),"RSI2<20 M30 trend ex('sig', 3.0)",3344,0.958,63.3,3351,0.962,64.0,-21.5,1.033,0.822,11.8
RSI(2),"RSI2<20 M30 trend ex(1.5, 1.0)",3146,0.951,49.2,3264,0.968,49.5,-50.7,1.029,0.845,48.0
RSI(2),"RSI2<20 M30 trend ex(1.5, 2.0)",2656,0.977,37.9,2679,1.024,38.2,38.3,1.085,0.896,57.5
RSI(2),"RSI2<20 H1 trend ex('sig', 2.0)",1805,1.001,61.0,1835,1.015,63.3,6.7,1.057,0.926,20.9
RSI(2),"RSI2<20 H1 trend ex('sig', 3.0)",1631,1.023,63.9,1654,1.025,64.6,6.9,1.075,0.924,11.1
RSI(2),"RSI2<20 H1 trend ex(1.5, 1.0)",1610,0.982,49.9,1631,1.037,51.1,28.9,1.154,0.8,47.9
RSI(2),"RSI2<20 H1 trend ex(1.5, 2.0)",1314,1.009,38.2,1303,1.077,40.3,57.5,1.196,0.834,57.5
RSI(2),"RSI2<20 H4 trend ex('sig', 2.0)",479,0.892,61.2,476,0.91,63.7,-10.3,0.922,0.885,20.9
RSI(2),"RSI2<20 H4 trend ex('sig', 3.0)",427,0.875,62.5,433,0.966,66.3,-2.3,0.989,0.925,10.1
RSI(2),"RSI2<20 H4 trend ex(1.5, 1.0)",445,0.974,49.4,441,1.024,51.5,4.8,1.127,0.828,43.5
RSI(2),"RSI2<20 H4 trend ex(1.5, 2.0)",386,1.027,40.7,380,1.051,43.9,10.1,1.215,0.751,49.5
RSI(2),"RSI2<20 D1 trend ex('sig', 2.0)",43,1.15,46.5,63,1.132,61.9,1.3,1.798,0.363,7.5
RSI(2),"RSI2<20 D1 trend ex('sig', 3.0)",43,1.084,46.5,62,1.099,62.9,0.7,1.96,0.315,3.8
RSI(2),"RSI2<20 D1 trend ex(1.5, 1.0)",44,1.443,50.0,65,1.074,55.4,1.2,1.763,0.368,16.5
RSI(2),"RSI2<20 D1 trend ex(1.5, 2.0)",44,1.55,45.5,65,1.058,53.8,1.0,1.683,0.359,17.4
Z-score,"z>2.0 M30 trend ex('sig', 2.0)",1144,0.945,52.0,1109,0.995,53.6,-2.2,1.074,0.853,44.2
Z-score,"z>2.0 M30 trend ex('sig', 3.0)",967,0.985,60.6,956,0.96,59.6,-12.3,1.014,0.856,29.2
Z-score,"z>2.0 M30 trend ex(1.5, 1.0)",1319,0.924,48.2,1287,0.994,50.4,-3.6,1.052,0.882,49.1
Z-score,"z>2.0 M30 trend ex(1.5, 2.0)",1269,0.94,36.7,1225,1.031,38.4,22.8,1.111,0.868,59.1
Z-score,"z>2.0 H1 trend ex('sig', 2.0)",551,0.958,53.9,518,1.01,55.2,2.2,1.102,0.839,40.8
Z-score,"z>2.0 H1 trend ex('sig', 3.0)",474,0.942,60.8,439,1.01,61.5,1.2,1.067,0.897,27.1
Z-score,"z>2.0 H1 trend ex(1.5, 1.0)",652,0.942,49.1,591,1.084,53.0,23.0,1.229,0.826,47.3
Z-score,"z>2.0 H1 trend ex(1.5, 2.0)",613,0.935,37.8,552,1.051,41.7,16.0,1.172,0.815,57.3
Z-score,"z>2.0 H4 trend ex('sig', 2.0)",111,1.459,59.5,110,0.952,54.5,-2.2,1.25,0.56,34.4
Z-score,"z>2.0 H4 trend ex('sig', 3.0)",104,1.358,65.4,99,0.939,60.6,-1.7,1.405,0.428,21.2
Z-score,"z>2.0 H4 trend ex(1.5, 1.0)",122,1.237,54.9,120,1.064,51.7,3.4,1.334,0.676,41.3
Z-score,"z>2.0 H4 trend ex(1.5, 2.0)",120,1.586,50.8,114,1.062,45.6,3.6,1.332,0.681,45.7
Z-score,"z>2.0 D1 trend ex('sig', 2.0)",3,0.179,33.3,1,80252097.386,100.0,0.1,80252097.386,0.0,50.0
Z-score,"z>2.0 D1 trend ex('sig', 3.0)",3,0.12,33.3,1,53705868.077,100.0,0.1,53705868.077,0.0,50.0
Z-score,"z>2.0 D1 trend ex(1.5, 1.0)",3,0.239,33.3,1,106596958.91,100.0,0.1,106596958.91,0.0,50.0
Z-score,"z>2.0 D1 trend ex(1.5, 2.0)",3,0.239,33.3,1,106596958.91,100.0,0.1,106596958.91,0.0,50.0
Z-score,"z>2.5 M30 trend ex('sig', 2.0)",617,0.988,51.4,600,0.948,50.8,-14.4,1.028,0.799,45.1
Z-score,"z>2.5 M30 trend ex('sig', 3.0)",558,1.048,59.3,539,1.013,58.6,2.3,1.079,0.882,28.5
Z-score,"z>2.5 M30 trend ex(1.5, 1.0)",673,0.91,47.7,658,0.95,49.2,-16.6,1.011,0.831,49.7
Z-score,"z>2.5 M30 trend ex(1.5, 2.0)",666,0.957,36.9,647,1.002,37.6,0.7,1.064,0.874,59.3
Z-score,"z>2.5 H1 trend ex('sig', 2.0)",299,1.016,54.2,282,1.121,56.0,13.6,1.155,1.061,39.9
Z-score,"z>2.5 H1 trend ex('sig', 3.0)",278,1.077,62.2,252,1.051,61.1,3.8,1.076,1.0,26.2
Z-score,"z>2.5 H1 trend ex(1.5, 1.0)",336,0.897,47.9,300,1.16,54.0,21.3,1.257,0.988,46.9
Z-score,"z>2.5 H1 trend ex(1.5, 2.0)",327,0.998,38.5,291,1.115,43.6,17.9,1.132,1.082,54.7
Z-score,"z>2.5 H4 trend ex('sig', 2.0)",50,1.148,52.0,54,1.005,57.4,0.1,1.272,0.637,38.5
Z-score,"z>2.5 H4 trend ex('sig', 3.0)",45,1.044,60.0,51,0.935,58.8,-0.9,1.054,0.727,24.0
Z-score,"z>2.5 H4 trend ex(1.5, 1.0)",53,0.936,47.2,54,0.971,50.0,-0.8,1.175,0.638,47.7
Z-score,"z>2.5 H4 trend ex(1.5, 2.0)",53,1.214,43.4,54,0.865,42.6,-3.9,0.99,0.638,51.4
Z-score,"z>2.5 D1 trend ex('sig', 2.0)",0,0.0,0.0,0,0.0,0.0,0.0,0.0,0.0,0.0
Z-score,"z>2.5 D1 trend ex('sig', 3.0)",0,0.0,0.0,0,0.0,0.0,0.0,0.0,0.0,0.0
Z-score,"z>2.5 D1 trend ex(1.5, 1.0)",0,0.0,0.0,0,0.0,0.0,0.0,0.0,0.0,0.0
Z-score,"z>2.5 D1 trend ex(1.5, 2.0)",0,0.0,0.0,0,0.0,0.0,0.0,0.0,0.0,0.0
Stochastic,"Stoch cross M30 trend ex('sig', 2.0)",1009,0.978,51.2,976,1.006,51.9,2.5,1.093,0.856,43.1
Stochastic,"Stoch cross M30 trend ex('sig', 3.0)",879,1.023,58.8,861,0.936,58.7,-19.2,1.003,0.806,30.2
Stochastic,"Stoch cross M30 trend ex(1.5, 1.0)",1113,0.981,50.1,1086,0.936,49.1,-34.7,1.029,0.786,48.0
Stochastic,"Stoch cross M30 trend ex(1.5, 2.0)",1076,0.945,37.5,1050,0.958,37.9,-26.7,1.048,0.805,58.0
Stochastic,"Stoch cross H1 trend ex('sig', 2.0)",485,0.932,52.0,458,0.937,51.5,-12.9,0.988,0.842,43.7
Stochastic,"Stoch cross H1 trend ex('sig', 3.0)",431,0.959,60.1,414,1.04,60.9,5.2,1.109,0.924,28.2
Stochastic,"Stoch cross H1 trend ex(1.5, 1.0)",548,0.856,46.2,516,1.012,50.4,2.9,1.025,0.988,49.7
Stochastic,"Stoch cross H1 trend ex(1.5, 2.0)",526,0.919,36.7,497,0.987,38.4,-3.8,1.049,0.879,58.4
Stochastic,"Stoch cross H4 trend ex('sig', 2.0)",117,1.09,51.3,116,0.888,50.9,-5.3,1.229,0.469,36.5
Stochastic,"Stoch cross H4 trend ex('sig', 3.0)",105,1.102,57.1,106,0.834,56.6,-5.1,1.247,0.437,22.7
Stochastic,"Stoch cross H4 trend ex(1.5, 1.0)",133,1.038,51.1,128,0.977,49.2,-1.4,1.319,0.568,43.7
Stochastic,"Stoch cross H4 trend ex(1.5, 2.0)",131,1.119,43.5,127,0.897,40.9,-6.8,1.209,0.514,48.4
Stochastic,"Stoch cross D1 trend ex('sig', 2.0)",11,0.28,27.3,9,0.528,44.4,-1.5,0.722,0.281,10.0
Stochastic,"Stoch cross D1 trend ex('sig', 3.0)",11,0.279,27.3,9,0.399,44.4,-1.6,0.561,0.205,10.0
Stochastic,"Stoch cross D1 trend ex(1.5, 1.0)",11,0.245,27.3,9,0.623,44.4,-1.3,0.832,0.345,20.0
Stochastic,"Stoch cross D1 trend ex(1.5, 2.0)",11,0.245,27.3,9,0.63,44.4,-1.3,0.843,0.345,20.0
CCI,"CCI -100 cross M30 trend ex('sig', 2.0)",1282,0.983,54.0,1234,0.984,54.9,-8.3,1.052,0.839,39.1
CCI,"CCI -100 cross M30 trend ex('sig', 3.0)",1132,0.976,59.6,1087,0.976,60.9,-8.1,0.989,0.943,26.8
CCI,"CCI -100 cross M30 trend ex(1.5, 1.0)",1409,1.005,50.5,1352,1.014,50.5,9.0,1.05,0.938,45.9
CCI,"CCI -100 cross M30 trend ex(1.5, 2.0)",1373,1.018,39.1,1310,1.048,39.5,36.1,1.12,0.898,55.2
CCI,"CCI -100 cross H1 trend ex('sig', 2.0)",576,0.918,54.9,583,0.886,53.3,-29.2,0.929,0.795,40.7
CCI,"CCI -100 cross H1 trend ex('sig', 3.0)",513,0.885,60.4,503,0.882,60.2,-19.0,0.949,0.755,28.0
CCI,"CCI -100 cross H1 trend ex(1.5, 1.0)",643,0.92,48.4,647,0.954,48.8,-14.7,1.031,0.799,48.8
CCI,"CCI -100 cross H1 trend ex(1.5, 2.0)",623,0.919,37.1,618,0.984,38.3,-5.7,1.012,0.925,57.8
CCI,"CCI -100 cross H4 trend ex('sig', 2.0)",124,1.36,58.1,119,1.258,60.5,9.6,1.374,1.038,29.6
CCI,"CCI -100 cross H4 trend ex('sig', 3.0)",109,1.788,65.1,109,1.046,61.5,1.3,1.199,0.793,16.1
CCI,"CCI -100 cross H4 trend ex(1.5, 1.0)",131,1.04,50.4,130,1.273,58.5,13.8,1.27,1.278,39.5
CCI,"CCI -100 cross H4 trend ex(1.5, 2.0)",130,0.993,41.5,128,1.227,50.0,12.8,1.264,1.148,45.0
CCI,"CCI -100 cross D1 trend ex('sig', 2.0)",11,0.711,54.5,10,7.329,70.0,2.8,4.935,1065949509.675,9.5
CCI,"CCI -100 cross D1 trend ex('sig', 3.0)",11,0.834,54.5,10,7.297,70.0,1.9,4.923,705512413.54,0.0
CCI,"CCI -100 cross D1 trend ex(1.5, 1.0)",11,1.092,63.6,10,7.016,70.0,3.6,4.857,1280695238.469,9.5
CCI,"CCI -100 cross D1 trend ex(1.5, 2.0)",11,1.595,63.6,10,6.216,70.0,3.1,4.947,752872864.562,9.5
N bars,"3 down bars M30 trend ex('sig', 2.0)",2189,0.968,62.3,2292,1.032,64.1,18.6,1.096,0.902,22.5
N bars,"3 down bars M30 trend ex('sig', 3.0)",2012,0.999,64.3,2108,1.022,66.2,8.1,1.077,0.904,12.9
N bars,"3 down bars M30 trend ex(1.5, 1.0)",2030,0.969,49.7,2187,0.979,49.7,-22.2,1.037,0.858,47.3
N bars,"3 down bars M30 trend ex(1.5, 2.0)",1812,1.009,39.3,1895,1.027,38.6,29.8,1.093,0.888,56.3
N bars,"3 down bars H1 trend ex('sig', 2.0)",1052,1.016,63.0,1103,0.998,63.5,-0.5,1.037,0.921,22.3
N bars,"3 down bars H1 trend ex('sig', 3.0)",966,1.048,65.7,1005,1.006,64.2,1.0,1.069,0.885,11.8
N bars,"3 down bars H1 trend ex(1.5, 1.0)",1014,0.917,48.3,1068,0.96,49.3,-21.1,1.019,0.837,49.7
N bars,"3 down bars H1 trend ex(1.5, 2.0)",909,0.924,36.5,938,1.005,38.1,2.6,1.095,0.819,59.9
N bars,"3 down bars H4 trend ex('sig', 2.0)",306,0.798,60.8,265,0.68,59.2,-25.0,0.727,0.603,25.2
N bars,"3 down bars H4 trend ex('sig', 3.0)",285,0.845,63.5,242,0.652,61.2,-17.7,0.805,0.468,12.9
N bars,"3 down bars H4 trend ex(1.5, 1.0)",300,0.866,48.0,268,0.825,45.5,-23.2,0.981,0.578,47.7
N bars,"3 down bars H4 trend ex(1.5, 2.0)",271,0.913,40.2,236,0.854,40.7,-19.0,1.048,0.523,52.7
N bars,"3 down bars D1 trend ex('sig', 2.0)",22,0.994,54.5,34,1.293,58.8,1.5,1.689,0.563,7.1
N bars,"3 down bars D1 trend ex('sig', 3.0)",22,0.882,54.5,34,1.182,58.8,0.7,1.474,0.562,5.4
N bars,"3 down bars D1 trend ex(1.5, 1.0)",23,1.108,56.5,35,1.091,51.4,0.7,1.467,0.504,13.8
N bars,"3 down bars D1 trend ex(1.5, 2.0)",23,0.931,52.2,35,1.166,51.4,1.3,1.604,0.481,15.5
N bars,"4 down bars M30 trend ex('sig', 2.0)",1053,0.987,63.1,1105,1.074,64.7,21.3,1.141,0.944,23.0
N bars,"4 down bars M30 trend ex('sig', 3.0)",979,1.006,65.7,1028,1.083,65.8,15.2,1.182,0.901,12.8
N bars,"4 down bars M30 trend ex(1.5, 1.0)",1067,0.947,49.4,1124,1.0,50.5,-0.2,1.014,0.969,47.6
N bars,"4 down bars M30 trend ex(1.5, 2.0)",1013,0.993,39.4,1054,1.072,39.6,44.0,1.112,0.985,56.6
N bars,"4 down bars H1 trend ex('sig', 2.0)",520,1.039,61.0,548,0.939,60.6,-8.9,0.943,0.932,22.8
N bars,"4 down bars H1 trend ex('sig', 3.0)",483,1.123,65.2,513,0.973,62.2,-2.4,0.951,1.015,12.4
N bars,"4 down bars H1 trend ex(1.5, 1.0)",544,0.971,49.8,574,0.907,48.1,-27.2,0.957,0.808,49.6
N bars,"4 down bars H1 trend ex(1.5, 2.0)",518,0.993,37.8,543,0.971,37.6,-9.4,1.033,0.851,59.5
N bars,"4 down bars H4 trend ex('sig', 2.0)",163,0.794,62.6,122,0.719,59.8,-9.5,0.869,0.544,23.9
N bars,"4 down bars H4 trend ex('sig', 3.0)",151,0.759,64.2,116,0.787,60.3,-4.4,1.094,0.511,12.0
N bars,"4 down bars H4 trend ex(1.5, 1.0)",163,0.888,48.5,133,0.941,47.4,-3.7,1.172,0.615,44.9
N bars,"4 down bars H4 trend ex(1.5, 2.0)",155,0.993,41.9,130,0.883,40.0,-8.2,1.142,0.509,50.9
N bars,"4 down bars D1 trend ex('sig', 2.0)",8,0.46,37.5,14,1.957,71.4,1.6,1.594,3.639,9.1
N bars,"4 down bars D1 trend ex('sig', 3.0)",8,0.593,37.5,14,1.506,71.4,0.7,1.169,3.639,4.5
N bars,"4 down bars D1 trend ex(1.5, 1.0)",9,0.662,44.4,14,2.657,78.6,2.7,2.135,4.259,8.7
N bars,"4 down bars D1 trend ex(1.5, 2.0)",9,0.662,44.4,14,3.355,78.6,3.8,2.961,4.563,8.7
Big bar,"big bar fade M30 trend ex(1.5, 2.0)",606,0.905,36.3,589,1.011,38.4,3.9,1.082,0.84,58.6
Big bar,"big bar fade M30 trend ex(2.0, 3.0)",575,0.976,39.8,559,1.023,41.7,6.8,1.141,0.749,50.3
Big bar,"big bar fade M30 trend ex(1.0, 2.0)",612,0.85,31.0,601,0.937,33.1,-25.1,0.961,0.877,67.0
Big bar,"big bar fade M30 ex(1.5, 2.0)",1077,0.956,37.0,990,0.952,37.0,-28.8,1.025,0.869,58.6
Big bar,"big bar fade M30 ex(2.0, 3.0)",925,1.085,40.4,876,0.979,40.0,-10.0,1.153,0.797,50.5
Big bar,"big bar fade M30 ex(1.0, 2.0)",1164,0.933,33.2,1061,0.926,32.9,-52.1,0.939,0.911,65.9
Big bar,"big bar fade H1 trend ex(1.5, 2.0)",313,0.815,36.1,320,0.994,38.8,-1.1,0.95,1.127,59.2
Big bar,"big bar fade H1 trend ex(2.0, 3.0)",291,0.97,42.6,302,0.976,44.4,-3.5,1.023,0.848,47.0
Big bar,"big bar fade H1 trend ex(1.0, 2.0)",322,0.962,34.5,323,0.965,34.4,-7.3,0.967,0.961,65.0
Big bar,"big bar fade H1 ex(1.5, 2.0)",575,0.864,35.5,548,0.959,37.0,-13.5,0.973,0.942,59.2
Big bar,"big bar fade H1 ex(2.0, 3.0)",489,0.916,41.1,474,0.853,39.7,-37.4,0.876,0.827,48.9
Big bar,"big bar fade H1 ex(1.0, 2.0)",642,0.992,34.3,599,0.919,33.1,-32.4,0.909,0.931,65.1
Big bar,"big bar fade H4 trend ex(1.5, 2.0)",66,1.197,43.9,57,1.228,49.1,5.7,1.279,1.077,43.1
Big bar,"big bar fade H4 trend ex(2.0, 3.0)",65,1.209,44.6,56,1.4,55.4,7.9,1.389,1.436,33.1
Big bar,"big bar fade H4 trend ex(1.0, 2.0)",68,0.903,35.3,57,0.943,38.6,-2.0,1.081,0.605,60.0
Big bar,"big bar fade H4 ex(1.5, 2.0)",144,1.002,40.3,109,0.949,39.4,-3.0,1.298,0.649,51.4
Big bar,"big bar fade H4 ex(2.0, 3.0)",131,0.984,40.5,104,1.068,45.2,3.4,1.27,0.893,43.8
Big bar,"big bar fade H4 ex(1.0, 2.0)",151,0.841,34.4,114,0.835,33.3,-12.2,1.206,0.523,63.0
Big bar,"big bar fade D1 trend ex(1.5, 2.0)",1,0.0,0.0,12,0.341,33.3,-3.8,0.341,0.0,38.5
Big bar,"big bar fade D1 trend ex(2.0, 3.0)",1,0.0,0.0,12,0.824,41.7,-0.8,0.824,0.0,30.8
Big bar,"big bar fade D1 trend ex(1.0, 2.0)",1,0.0,0.0,12,0.407,33.3,-4.2,0.407,0.0,53.8
Big bar,"big bar fade D1 ex(1.5, 2.0)",7,1.496,42.9,20,0.318,35.0,-7.1,0.517,0.0,37.0
Big bar,"big bar fade D1 ex(2.0, 3.0)",7,1.322,42.9,18,1.286,50.0,1.7,1.18,1.5,20.0
Big bar,"big bar fade D1 ex(1.0, 2.0)",7,1.667,42.9,20,0.404,35.0,-7.2,0.604,0.0,51.9
Big bar,"big bar follow M30 trend ex(1.5, 2.0)",501,0.97,37.5,427,0.987,35.8,-3.2,1.014,0.932,58.2
Big bar,"big bar follow M30 trend ex(2.0, 3.0)",456,0.876,37.3,393,1.097,38.7,20.2,1.102,1.085,52.1
Big bar,"big bar follow M30 trend ex(1.0, 2.0)",531,0.903,33.0,465,1.016,34.2,4.8,1.115,0.823,65.7
Big bar,"big bar follow M30 ex(1.5, 2.0)",1065,0.997,37.2,961,0.932,35.0,-40.3,1.109,0.806,58.3
Big bar,"big bar follow M30 ex(2.0, 3.0)",918,0.963,37.9,841,1.001,37.6,0.3,1.109,0.914,50.5
Big bar,"big bar follow M30 ex(1.0, 2.0)",1161,0.99,34.4,1058,0.959,33.2,-29.0,1.178,0.8,65.3
Big bar,"big bar follow H1 trend ex(1.5, 2.0)",294,0.868,35.4,258,1.157,39.1,23.2,1.113,1.254,57.8
Big bar,"big bar follow H1 trend ex(2.0, 3.0)",267,0.915,39.3,232,1.257,41.8,30.4,1.337,1.087,48.5
Big bar,"big bar follow H1 trend ex(1.0, 2.0)",318,0.951,34.9,276,1.116,36.6,20.2,1.058,1.242,63.8
Big bar,"big bar follow H1 ex(1.5, 2.0)",571,0.974,37.7,554,0.979,36.5,-7.1,1.092,0.892,57.2
Big bar,"big bar follow H1 ex(2.0, 3.0)",481,0.955,38.9,473,1.028,38.5,7.1,1.214,0.873,48.8
Big bar,"big bar follow H1 ex(1.0, 2.0)",640,1.001,35.2,596,0.982,34.1,-6.9,1.065,0.918,64.0
Big bar,"big bar follow H4 trend ex(1.5, 2.0)",76,1.133,42.1,51,1.709,51.0,16.5,2.226,0.906,46.5
Big bar,"big bar follow H4 trend ex(2.0, 3.0)",68,1.444,52.9,47,1.538,53.2,10.7,1.749,1.056,33.0
Big bar,"big bar follow H4 trend ex(1.0, 2.0)",82,1.134,37.8,56,1.56,44.6,17.4,1.913,1.0,58.7
Big bar,"big bar follow H4 ex(1.5, 2.0)",135,1.218,43.7,106,1.31,44.3,15.7,1.821,0.98,44.4
Big bar,"big bar follow H4 ex(2.0, 3.0)",116,1.263,50.9,99,1.355,47.5,14.8,1.547,1.208,34.4
Big bar,"big bar follow H4 ex(1.0, 2.0)",151,1.099,38.4,113,1.083,36.3,5.7,1.732,0.686,59.1
Big bar,"big bar follow D1 trend ex(1.5, 2.0)",6,0.571,50.0,8,2.687,50.0,4.1,5.799,0.472,28.6
Big bar,"big bar follow D1 trend ex(2.0, 3.0)",6,0.605,50.0,8,2.594,50.0,3.3,4.823,0.47,14.3
Big bar,"big bar follow D1 trend ex(1.0, 2.0)",6,0.851,50.0,8,1.096,37.5,0.4,2.0,0.393,50.0
Big bar,"big bar follow D1 ex(1.5, 2.0)",7,0.659,57.1,18,1.309,44.4,2.0,4.0,0.831,28.0
Big bar,"big bar follow D1 ex(2.0, 3.0)",7,0.699,57.1,17,1.844,47.1,3.7,3.482,1.365,12.5
Big bar,"big bar follow D1 ex(1.0, 2.0)",7,0.982,57.1,19,1.018,42.1,0.2,2.0,0.773,46.2
Bollinger fade,"BB fade M30 trend ex(0.3, 'mid')",1050,0.913,47.1,990,1.018,48.4,9.1,1.13,0.821,49.3
Bollinger fade,"BB fade M30 trend ex(0.3, 1.5)",1090,0.918,41.4,1017,1.024,43.4,13.3,1.103,0.871,53.0
Bollinger fade,"BB fade M30 trend ex(0.3, 2.0)",1088,0.966,37.8,1015,1.024,39.5,14.0,1.081,0.91,56.3
Bollinger fade,"BB fade M30 ex(0.3, 'mid')",2152,0.855,45.9,2038,0.914,45.5,-92.3,1.107,0.774,51.2
Bollinger fade,"BB fade M30 ex(0.3, 1.5)",2135,0.881,40.3,2018,0.927,40.7,-82.4,1.068,0.812,54.5
Bollinger fade,"BB fade M30 ex(0.3, 2.0)",2085,0.906,36.6,1962,0.894,36.0,-125.6,1.044,0.771,58.2
Bollinger fade,"BB fade H1 trend ex(0.3, 'mid')",480,0.897,45.0,442,1.078,50.0,16.7,1.217,0.773,50.0
Bollinger fade,"BB fade H1 trend ex(0.3, 1.5)",499,0.846,37.7,451,1.068,44.1,16.2,1.15,0.885,53.5
Bollinger fade,"BB fade H1 trend ex(0.3, 2.0)",498,0.844,33.5,447,0.995,38.9,-1.2,1.15,0.666,57.8
Bollinger fade,"BB fade H1 ex(0.3, 'mid')",990,0.896,44.6,950,0.968,45.2,-16.2,1.243,0.778,52.3
Bollinger fade,"BB fade H1 ex(0.3, 1.5)",975,0.906,39.5,942,0.976,42.0,-12.3,1.178,0.825,54.4
Bollinger fade,"BB fade H1 ex(0.3, 2.0)",929,0.89,34.9,919,0.949,37.2,-27.7,1.182,0.776,58.5
Bollinger fade,"BB fade H4 trend ex(0.3, 'mid')",82,1.17,48.8,94,1.27,52.1,11.7,1.72,0.745,47.2
Bollinger fade,"BB fade H4 trend ex(0.3, 1.5)",86,1.271,48.8,95,1.154,49.5,7.0,1.605,0.595,46.4
Bollinger fade,"BB fade H4 trend ex(0.3, 2.0)",86,1.28,44.2,95,1.128,46.3,6.2,1.512,0.637,49.7
Bollinger fade,"BB fade H4 ex(0.3, 'mid')",263,1.048,43.3,280,0.737,37.1,-43.8,1.359,0.476,56.0
Bollinger fade,"BB fade H4 ex(0.3, 1.5)",267,0.977,42.7,280,0.899,40.4,-15.8,1.493,0.641,52.8
Bollinger fade,"BB fade H4 ex(0.3, 2.0)",263,0.993,38.8,276,0.865,35.9,-22.4,1.453,0.603,56.6
Bollinger fade,"BB fade D1 trend ex(0.3, 'mid')",4,0.293,50.0,2,0.461,50.0,-0.2,0.461,0.0,33.3
Bollinger fade,"BB fade D1 trend ex(0.3, 1.5)",4,0.131,50.0,2,0.461,50.0,-0.2,0.461,0.0,33.3
Bollinger fade,"BB fade D1 trend ex(0.3, 2.0)",4,0.131,50.0,2,0.461,50.0,-0.2,0.461,0.0,33.3
Bollinger fade,"BB fade D1 ex(0.3, 'mid')",43,0.431,41.9,51,0.894,49.0,-2.1,4.456,0.543,39.4
Bollinger fade,"BB fade D1 ex(0.3, 1.5)",43,0.511,44.2,51,1.044,47.1,0.8,3.7,0.772,37.2
Bollinger fade,"BB fade D1 ex(0.3, 2.0)",43,0.412,41.9,51,0.839,45.1,-3.2,4.059,0.528,39.4
Pivot S1/R1,"pivot bounce M30 trend ex(0.3, 'pivot')",454,0.79,38.1,391,0.995,40.4,-1.2,1.179,0.67,57.3
Pivot S1/R1,"pivot bounce M30 trend ex(0.3, 1.5)",468,0.798,39.3,400,0.904,40.2,-21.4,1.029,0.672,55.2
Pivot S1/R1,"pivot bounce M30 trend ex(0.3, 2.0)",458,0.843,37.1,392,0.941,36.5,-13.6,1.043,0.745,57.8
Pivot S1/R1,"pivot bounce M30 ex(0.3, 'pivot')",992,0.884,39.1,917,0.924,35.8,-42.8,1.075,0.824,58.8
Pivot S1/R1,"pivot bounce M30 ex(0.3, 1.5)",982,0.841,39.4,936,0.857,38.5,-77.3,0.957,0.79,55.7
Pivot S1/R1,"pivot bounce M30 ex(0.3, 2.0)",940,0.851,36.1,911,0.883,34.4,-65.4,0.951,0.837,58.9
Pivot S1/R1,"pivot bounce H1 trend ex(0.3, 'pivot')",353,0.847,45.0,321,1.12,45.2,20.7,1.34,0.735,53.4
Pivot S1/R1,"pivot bounce H1 trend ex(0.3, 1.5)",373,1.077,44.5,333,0.981,41.7,-3.4,1.09,0.776,52.3
Pivot S1/R1,"pivot bounce H1 trend ex(0.3, 2.0)",361,1.12,41.8,323,1.028,38.4,5.3,1.107,0.87,55.1
Pivot S1/R1,"pivot bounce H1 ex(0.3, 'pivot')",781,0.918,43.9,737,1.025,41.4,10.6,1.262,0.867,55.4
Pivot S1/R1,"pivot bounce H1 ex(0.3, 1.5)",750,0.964,41.6,738,0.916,39.6,-35.5,0.972,0.877,54.6
Pivot S1/R1,"pivot bounce H1 ex(0.3, 2.0)",708,0.976,38.1,702,0.941,35.9,-25.3,1.0,0.898,57.9
Buy the dip,"dip D1 D1 trend ex(1.5, 1.5, 3)",28,0.879,42.9,33,0.964,51.5,-0.3,1.159,0.093,16.4
Buy the dip,"dip D1 D1 trend ex(2.0, 2.0, 5)",28,0.703,39.3,32,0.983,53.1,-0.1,1.371,0.048,15.0
Buy the dip,"dip D1 D1 trend ex(1.5, 1.0, 2)",28,1.032,53.6,33,0.995,51.5,-0.0,1.196,0.101,9.8
NR / inside,"nr4 break M30 trend ex(0.0, 1.5)",1917,0.857,37.9,1996,0.989,40.8,-12.9,1.056,0.835,57.8
NR / inside,"nr4 break M30 trend ex(0.0, 2.0)",1837,0.838,32.7,1889,0.962,35.2,-44.9,1.028,0.808,62.8
NR / inside,"nr4 break M30 trend ex(0.3, 3.0)",1570,0.909,31.9,1607,1.063,34.5,62.3,1.12,0.926,61.0
NR / inside,"nr4 break M30 ex(0.0, 1.5)",3105,0.786,35.8,3097,0.987,40.8,-23.1,1.094,0.878,58.4
NR / inside,"nr4 break M30 ex(0.0, 2.0)",2912,0.794,31.3,2866,0.951,34.9,-88.5,1.071,0.829,63.2
NR / inside,"nr4 break M30 ex(0.3, 3.0)",2325,0.887,30.8,2233,0.998,33.5,-3.2,1.144,0.847,60.9
NR / inside,"nr4 break H1 trend ex(0.0, 1.5)",998,0.914,38.4,1084,1.022,41.4,13.8,1.099,0.838,58.6
NR / inside,"nr4 break H1 trend ex(0.0, 2.0)",944,0.935,33.3,1021,1.041,35.6,26.7,1.128,0.834,63.7
NR / inside,"nr4 break H1 trend ex(0.3, 3.0)",815,0.878,29.2,860,1.177,35.0,94.8,1.371,0.788,64.3
NR / inside,"nr4 break H1 ex(0.0, 1.5)",1648,0.907,37.9,1722,0.94,39.5,-61.4,0.982,0.892,59.5
NR / inside,"nr4 break H1 ex(0.0, 2.0)",1513,0.958,33.4,1584,1.016,35.4,16.5,1.058,0.969,63.4
NR / inside,"nr4 break H1 ex(0.3, 3.0)",1180,0.948,30.3,1197,1.109,34.8,81.3,1.231,0.971,63.1
NR / inside,"nr4 break H4 trend ex(0.0, 1.5)",314,0.999,41.4,345,1.16,44.6,29.4,1.34,0.763,54.8
NR / inside,"nr4 break H4 trend ex(0.0, 2.0)",306,0.923,34.0,330,1.182,39.1,35.0,1.411,0.707,60.4
NR / inside,"nr4 break H4 trend ex(0.3, 3.0)",269,0.975,33.1,284,1.156,34.9,26.7,1.272,0.886,60.6
NR / inside,"nr4 break H4 ex(0.0, 1.5)",574,0.875,37.6,564,1.159,44.7,47.6,1.421,0.885,56.2
NR / inside,"nr4 break H4 ex(0.0, 2.0)",551,0.873,32.3,537,1.267,40.8,81.0,1.567,0.961,60.1
NR / inside,"nr4 break H4 ex(0.3, 3.0)",443,0.801,29.1,422,1.262,38.2,62.3,1.508,1.007,60.0
NR / inside,"nr4 break D1 trend ex(0.0, 1.5)",57,1.068,43.9,71,1.579,49.3,12.1,1.528,1.793,25.0
NR / inside,"nr4 break D1 trend ex(0.0, 2.0)",56,1.119,42.9,71,1.473,47.9,10.4,1.389,1.847,26.0
NR / inside,"nr4 break D1 trend ex(0.3, 3.0)",56,0.85,42.9,71,1.542,49.3,8.8,1.526,1.635,18.1
NR / inside,"nr4 break D1 ex(0.0, 1.5)",83,1.145,45.8,106,1.036,45.3,1.4,1.328,0.568,28.0
NR / inside,"nr4 break D1 ex(0.0, 2.0)",82,1.16,45.1,106,0.996,44.3,-0.1,1.244,0.583,28.7
NR / inside,"nr4 break D1 ex(0.3, 3.0)",80,0.887,47.5,104,1.017,47.1,0.5,1.438,0.386,20.7
NR / inside,"nr7 break M30 trend ex(0.0, 1.5)",1377,0.832,36.7,1445,0.934,39.0,-57.0,0.989,0.808,60.0
NR / inside,"nr7 break M30 trend ex(0.0, 2.0)",1334,0.828,31.6,1392,0.923,33.4,-70.6,0.999,0.749,65.0
NR / inside,"nr7 break M30 trend ex(0.3, 3.0)",1197,0.913,31.0,1234,1.019,32.3,15.5,1.111,0.813,62.9
NR / inside,"nr7 break M30 ex(0.0, 1.5)",2365,0.752,34.3,2394,0.953,39.6,-66.5,1.048,0.858,60.6
NR / inside,"nr7 break M30 ex(0.0, 2.0)",2262,0.772,30.1,2263,0.959,34.2,-59.5,1.065,0.855,65.1
NR / inside,"nr7 break M30 ex(0.3, 3.0)",1871,0.908,30.6,1854,0.929,31.2,-86.4,1.036,0.824,63.1
NR / inside,"nr7 break H1 trend ex(0.0, 1.5)",634,0.833,36.1,715,1.106,42.9,42.7,1.178,0.923,59.0
NR / inside,"nr7 break H1 trend ex(0.0, 2.0)",613,0.838,30.5,692,1.125,37.0,53.4,1.197,0.94,64.5
NR / inside,"nr7 break H1 trend ex(0.3, 3.0)",572,0.863,27.1,618,1.312,35.6,120.5,1.565,0.774,65.8
NR / inside,"nr7 break H1 ex(0.0, 1.5)",1082,0.87,36.8,1227,0.973,40.0,-19.3,1.073,0.869,60.1
NR / inside,"nr7 break H1 ex(0.0, 2.0)",1036,0.906,31.8,1180,1.043,35.5,32.2,1.114,0.967,64.6
NR / inside,"nr7 break H1 ex(0.3, 3.0)",894,0.899,27.5,969,1.163,34.1,101.1,1.338,0.985,66.2
NR / inside,"nr7 break H4 trend ex(0.0, 1.5)",185,0.835,36.8,202,1.051,42.6,5.7,1.223,0.675,58.1
NR / inside,"nr7 break H4 trend ex(0.0, 2.0)",183,0.868,31.7,198,1.037,36.9,4.5,1.251,0.579,63.3
NR / inside,"nr7 break H4 trend ex(0.3, 3.0)",173,0.951,30.1,184,1.224,35.3,24.8,1.316,1.004,62.7
NR / inside,"nr7 break H4 ex(0.0, 1.5)",360,0.813,35.8,362,1.078,43.4,15.6,1.289,0.876,58.7
NR / inside,"nr7 break H4 ex(0.0, 2.0)",351,0.833,30.8,356,1.178,39.6,37.3,1.396,0.966,62.9
NR / inside,"nr7 break H4 ex(0.3, 3.0)",313,0.828,28.1,293,1.387,39.9,63.6,1.684,1.086,61.7
NR / inside,"nr7 break D1 trend ex(0.0, 1.5)",40,0.868,42.5,39,1.308,46.2,4.1,1.377,1.131,31.6
NR / inside,"nr7 break D1 trend ex(0.0, 2.0)",40,0.88,42.5,39,1.331,46.2,4.4,1.363,1.249,31.6
NR / inside,"nr7 break D1 trend ex(0.3, 3.0)",40,0.575,42.5,39,1.617,48.7,4.9,1.961,0.796,20.3
NR / inside,"nr7 break D1 ex(0.0, 1.5)",57,1.003,45.6,66,0.771,40.9,-6.3,1.138,0.361,32.5
NR / inside,"nr7 break D1 ex(0.0, 2.0)",57,0.969,45.6,66,0.806,40.9,-5.3,1.174,0.395,32.5
NR / inside,"nr7 break D1 ex(0.3, 3.0)",57,0.62,45.6,64,0.862,45.3,-2.8,1.634,0.205,22.3
NR / inside,"inside break M30 trend ex(0.0, 1.5)",1185,0.83,37.5,1294,1.009,41.0,6.7,1.097,0.818,57.5
NR / inside,"inside break M30 trend ex(0.0, 2.0)",1151,0.804,32.1,1253,0.978,35.2,-17.5,1.063,0.794,62.6
NR / inside,"inside break M30 trend ex(0.3, 3.0)",1042,0.839,31.1,1104,1.085,34.6,57.4,1.185,0.877,61.1
NR / inside,"inside break M30 ex(0.0, 1.5)",2057,0.858,38.2,2090,0.979,40.2,-24.9,1.11,0.856,56.9
NR / inside,"inside break M30 ex(0.0, 2.0)",1964,0.861,33.4,1978,0.952,34.6,-59.9,1.08,0.826,61.8
NR / inside,"inside break M30 ex(0.3, 3.0)",1667,0.943,32.7,1676,0.974,32.3,-28.1,1.107,0.841,60.7
NR / inside,"inside break H1 trend ex(0.0, 1.5)",644,0.869,38.2,689,0.906,38.6,-39.0,1.035,0.632,59.3
NR / inside,"inside break H1 trend ex(0.0, 2.0)",624,0.884,33.5,664,0.96,34.3,-16.9,1.104,0.664,63.5
NR / inside,"inside break H1 trend ex(0.3, 3.0)",563,0.812,29.1,591,1.176,34.3,64.6,1.396,0.733,63.7
NR / inside,"inside break H1 ex(0.0, 1.5)",1130,0.903,38.6,1102,0.936,39.2,-41.6,1.029,0.833,58.1
NR / inside,"inside break H1 ex(0.0, 2.0)",1073,0.944,34.2,1054,1.018,35.4,11.8,1.104,0.926,61.9
NR / inside,"inside break H1 ex(0.3, 3.0)",901,0.898,29.5,863,1.123,33.8,65.7,1.304,0.933,63.0
NR / inside,"inside break H4 trend ex(0.0, 1.5)",194,0.979,41.8,227,1.126,42.7,15.5,1.369,0.549,54.6
NR / inside,"inside break H4 trend ex(0.0, 2.0)",192,0.896,34.4,221,1.167,37.6,21.6,1.373,0.64,60.0
NR / inside,"inside break H4 trend ex(0.3, 3.0)",168,0.984,33.3,200,1.106,33.5,13.0,1.317,0.542,61.1
NR / inside,"inside break H4 ex(0.0, 1.5)",363,0.78,36.1,384,1.128,43.5,26.3,1.441,0.809,56.8
NR / inside,"inside break H4 ex(0.0, 2.0)",358,0.725,30.2,373,1.292,41.0,60.5,1.604,0.958,60.5
NR / inside,"inside break H4 ex(0.3, 3.0)",308,0.739,29.5,320,1.146,35.9,27.6,1.497,0.745,61.5
NR / inside,"inside break D1 trend ex(0.0, 1.5)",32,1.089,53.1,48,2.464,58.3,16.7,2.189,3.521,18.8
NR / inside,"inside break D1 trend ex(0.0, 2.0)",32,1.025,53.1,48,2.703,58.3,19.4,2.387,3.917,18.8
NR / inside,"inside break D1 trend ex(0.3, 3.0)",32,1.317,59.4,47,2.478,59.6,13.5,2.063,4.286,13.9
NR / inside,"inside break D1 ex(0.0, 1.5)",45,1.028,48.9,73,1.717,56.2,14.1,1.864,1.475,19.5
NR / inside,"inside break D1 ex(0.0, 2.0)",45,0.95,48.9,73,1.842,56.2,16.6,1.991,1.6,19.5
NR / inside,"inside break D1 ex(0.3, 3.0)",45,1.135,53.3,72,1.902,59.7,13.1,1.957,1.803,12.8
Squeeze,"BB squeeze break M30 trend ex(1.5, 2.0)",260,1.1,37.7,264,1.269,41.3,40.9,1.412,0.969,58.6
Squeeze,"BB squeeze break M30 trend ex(2.0, 3.0)",255,1.008,35.3,258,1.181,39.1,27.0,1.338,0.866,57.3
Squeeze,"BB squeeze break M30 trend ex(1.0, 2.0)",261,0.97,33.3,265,1.289,39.2,46.5,1.45,0.941,63.3
Squeeze,"BB squeeze break M30 ex(1.5, 2.0)",513,0.966,34.7,521,1.179,39.5,55.7,1.336,1.033,61.0
Squeeze,"BB squeeze break M30 ex(2.0, 3.0)",499,0.95,32.9,502,1.046,36.9,13.9,1.312,0.816,58.7
Squeeze,"BB squeeze break M30 ex(1.0, 2.0)",524,0.844,30.3,532,1.149,36.7,50.4,1.321,0.991,66.2
Squeeze,"BB squeeze break H1 trend ex(1.5, 2.0)",144,0.873,34.0,153,1.192,39.9,17.5,1.302,0.946,60.6
Squeeze,"BB squeeze break H1 trend ex(2.0, 3.0)",140,0.953,36.4,152,1.207,42.8,17.0,1.412,0.752,52.7
Squeeze,"BB squeeze break H1 trend ex(1.0, 2.0)",145,0.747,28.3,155,1.198,38.1,18.9,1.145,1.344,65.7
Squeeze,"BB squeeze break H1 ex(1.5, 2.0)",266,0.841,33.1,255,0.995,36.9,-0.8,1.173,0.819,60.8
Squeeze,"BB squeeze break H1 ex(2.0, 3.0)",258,0.802,33.3,251,0.979,38.2,-3.0,1.253,0.717,56.2
Squeeze,"BB squeeze break H1 ex(1.0, 2.0)",276,0.815,29.7,263,1.133,36.9,22.0,1.269,0.992,65.7
Squeeze,"BB squeeze break H4 trend ex(1.5, 2.0)",38,0.874,39.5,43,2.231,51.2,19.9,4.704,0.516,42.0
Squeeze,"BB squeeze break H4 trend ex(2.0, 3.0)",38,0.689,42.1,43,1.487,44.2,9.2,2.582,0.384,40.7
Squeeze,"BB squeeze break H4 trend ex(1.0, 2.0)",38,0.958,36.8,43,2.022,51.2,20.5,4.574,0.331,53.1
Squeeze,"BB squeeze break H4 ex(1.5, 2.0)",65,0.542,29.2,69,1.387,43.5,12.6,3.223,0.426,50.7
Squeeze,"BB squeeze break H4 ex(2.0, 3.0)",65,0.375,30.8,69,1.24,40.6,7.4,2.771,0.341,45.5
Squeeze,"BB squeeze break H4 ex(1.0, 2.0)",65,0.688,29.2,69,1.577,46.4,21.1,3.71,0.554,57.5
Squeeze,"BB squeeze break D1 trend ex(1.5, 2.0)",8,8.325,75.0,14,1.035,42.9,0.2,0.589,1.643,13.6
Squeeze,"BB squeeze break D1 trend ex(2.0, 3.0)",8,3.041,62.5,14,1.12,42.9,0.5,0.549,2.074,4.5
Squeeze,"BB squeeze break D1 trend ex(1.0, 2.0)",8,5.983,75.0,14,0.777,35.7,-1.6,0.391,1.353,31.8
Squeeze,"BB squeeze break D1 ex(1.5, 2.0)",8,9.473,75.0,14,1.035,42.9,0.2,0.589,1.643,13.6
Squeeze,"BB squeeze break D1 ex(2.0, 3.0)",8,4.295,62.5,14,1.12,42.9,0.5,0.549,2.074,4.5
Squeeze,"BB squeeze break D1 ex(1.0, 2.0)",8,6.114,75.0,14,0.777,35.7,-1.6,0.391,1.353,31.8
Level break,"prev day high/low M30 trend ex(1.5, 2.0)",542,0.877,35.4,579,1.114,38.0,39.1,1.209,0.843,58.3
Level break,"prev day high/low M30 trend ex(2.0, 3.0)",493,0.896,35.9,498,1.226,41.4,59.3,1.352,0.875,51.4
Level break,"prev day high/low M30 trend ex(1.0, 2.0)",622,0.895,32.3,666,1.172,37.5,70.6,1.2,1.085,63.2
Level break,"prev day high/low M30 ex(1.5, 2.0)",978,0.934,36.2,973,0.998,35.7,-1.2,1.204,0.749,58.8
Level break,"prev day high/low M30 ex(2.0, 3.0)",890,0.968,37.5,852,1.088,39.0,40.8,1.313,0.823,51.7
Level break,"prev day high/low M30 ex(1.0, 2.0)",1122,0.96,33.7,1118,1.057,35.2,40.5,1.192,0.884,63.9
Level break,"prev day high/low H1 trend ex(1.5, 2.0)",393,0.822,33.6,424,1.235,40.6,56.8,1.379,0.864,60.0
Level break,"prev day high/low H1 trend ex(2.0, 3.0)",337,0.886,36.5,367,1.327,43.6,62.0,1.45,0.977,52.6
Level break,"prev day high/low H1 trend ex(1.0, 2.0)",459,0.85,30.9,514,1.167,37.5,53.2,1.243,0.944,65.2
Level break,"prev day high/low H1 ex(1.5, 2.0)",716,0.951,35.9,723,1.07,37.6,30.2,1.378,0.736,59.3
Level break,"prev day high/low H1 ex(2.0, 3.0)",623,0.964,37.2,630,1.12,39.5,40.7,1.43,0.785,51.8
Level break,"prev day high/low H1 ex(1.0, 2.0)",831,0.945,32.9,863,1.075,35.6,41.3,1.285,0.819,64.9
Level break,"prev day high/low H4 trend ex(1.5, 2.0)",244,0.834,36.9,246,1.447,46.7,51.5,1.627,1.014,49.0
Level break,"prev day high/low H4 trend ex(2.0, 3.0)",207,0.819,41.1,196,1.712,50.5,52.0,1.958,1.129,37.0
Level break,"prev day high/low H4 trend ex(1.0, 2.0)",289,0.81,31.8,300,1.186,39.7,32.7,1.311,0.863,61.5
Level break,"prev day high/low H4 ex(1.5, 2.0)",386,0.875,37.6,384,1.212,44.8,40.4,1.692,0.761,49.2
Level break,"prev day high/low H4 ex(2.0, 3.0)",313,0.829,39.6,298,1.424,49.3,50.7,2.287,0.76,38.3
Level break,"prev day high/low H4 ex(1.0, 2.0)",479,0.924,34.2,482,1.069,37.6,20.2,1.437,0.702,61.2
Level break,"prev week high/low H1 trend ex(1.5, 2.0)",221,0.874,33.9,267,1.419,44.9,59.9,1.483,1.206,56.8
Level break,"prev week high/low H1 trend ex(2.0, 3.0)",194,0.941,35.1,230,1.64,49.1,67.2,1.601,1.798,48.8
Level break,"prev week high/low H1 trend ex(1.0, 2.0)",272,0.838,30.1,329,1.319,40.7,61.8,1.429,0.983,63.6
Level break,"prev week high/low H1 ex(1.5, 2.0)",321,0.98,35.8,379,1.251,41.4,53.2,1.424,0.943,56.7
Level break,"prev week high/low H1 ex(2.0, 3.0)",285,1.075,38.2,324,1.423,45.7,65.3,1.601,1.093,47.6
Level break,"prev week high/low H1 ex(1.0, 2.0)",386,0.994,33.9,459,1.184,37.9,51.9,1.425,0.8,62.8
Level break,"prev week high/low H4 trend ex(1.5, 2.0)",147,0.84,37.4,157,1.826,52.2,55.0,1.745,2.112,47.4
Level break,"prev week high/low H4 trend ex(2.0, 3.0)",122,0.771,39.3,126,2.016,55.6,44.3,2.019,2.007,37.1
Level break,"prev week high/low H4 trend ex(1.0, 2.0)",171,0.871,33.3,196,1.324,42.3,35.7,1.345,1.26,60.5
Level break,"prev week high/low H4 ex(1.5, 2.0)",204,0.913,38.2,210,1.556,48.6,53.8,1.938,1.065,48.1
Level break,"prev week high/low H4 ex(2.0, 3.0)",176,0.808,39.2,173,1.615,50.3,41.3,2.209,0.936,38.7
Level break,"prev week high/low H4 ex(1.0, 2.0)",237,0.944,34.6,263,1.286,41.4,43.2,1.599,0.857,60.4
Level break,"prev week high/low D1 trend ex(1.5, 2.0)",83,0.989,45.8,114,1.844,57.0,25.1,2.119,1.106,14.7
Level break,"prev week high/low D1 trend ex(2.0, 3.0)",81,0.922,43.2,109,1.546,55.0,12.6,1.682,1.107,7.4
Level break,"prev week high/low D1 trend ex(1.0, 2.0)",89,1.012,42.7,125,1.564,52.0,27.8,1.672,1.267,35.5
Level break,"prev week high/low D1 ex(1.5, 2.0)",100,1.042,47.0,144,1.687,53.5,25.0,2.243,0.853,13.5
Level break,"prev week high/low D1 ex(2.0, 3.0)",97,1.011,44.3,136,1.45,52.2,12.6,1.844,0.798,7.3
Level break,"prev week high/low D1 ex(1.0, 2.0)",108,1.114,44.4,154,1.404,49.4,24.3,1.734,0.878,32.1
Candles,"engulf M30 trend ex(0.2, 1.5)",1740,0.896,38.8,1421,0.969,40.5,-25.1,1.055,0.814,57.4
Candles,"engulf M30 trend ex(0.2, 2.0)",1662,0.964,35.6,1371,0.96,35.3,-34.7,1.084,0.74,61.3
Candles,"engulf M30 trend ex(0.5, 2.0)",1491,0.937,37.0,1264,1.012,38.2,9.3,1.107,0.842,57.7
Candles,"engulf M30 trend ex(0.5, 3.0)",1437,0.966,33.6,1218,1.052,35.6,39.0,1.17,0.835,60.5
Candles,"engulf M30 ex(0.2, 1.5)",2788,0.838,37.4,2415,0.975,40.6,-35.0,1.135,0.861,57.4
Candles,"engulf M30 ex(0.2, 2.0)",2575,0.874,33.9,2247,0.933,34.6,-95.4,1.102,0.809,61.8
Candles,"engulf M30 ex(0.5, 2.0)",2204,0.845,35.4,1949,0.946,36.6,-63.2,1.076,0.851,58.0
Candles,"engulf M30 ex(0.5, 3.0)",2072,0.826,31.3,1812,0.929,32.2,-81.5,1.104,0.808,61.6
Candles,"engulf H1 trend ex(0.2, 1.5)",827,0.948,40.4,687,1.03,42.8,11.4,1.062,0.961,55.0
Candles,"engulf H1 trend ex(0.2, 2.0)",790,0.97,36.5,671,1.044,37.7,17.6,1.108,0.909,59.2
Candles,"engulf H1 trend ex(0.5, 2.0)",721,0.973,38.1,622,1.063,40.2,22.1,1.148,0.884,55.9
Candles,"engulf H1 trend ex(0.5, 3.0)",691,0.968,34.7,598,1.128,37.5,44.9,1.158,1.062,58.8
Candles,"engulf H1 ex(0.2, 1.5)",1364,0.867,37.9,1180,0.939,40.3,-41.1,1.07,0.836,56.8
Candles,"engulf H1 ex(0.2, 2.0)",1251,0.906,34.4,1108,0.991,36.4,-5.8,1.145,0.871,60.0
Candles,"engulf H1 ex(0.5, 2.0)",1104,0.918,36.2,958,1.029,39.5,15.9,1.192,0.902,55.9
Candles,"engulf H1 ex(0.5, 3.0)",1042,0.883,32.6,909,0.965,35.1,-19.3,1.127,0.84,59.8
Candles,"engulf H4 trend ex(0.2, 1.5)",213,1.129,45.5,151,1.039,41.7,3.1,1.085,0.918,50.0
Candles,"engulf H4 trend ex(0.2, 2.0)",205,1.156,41.0,147,1.016,36.7,1.3,1.168,0.645,54.3
Candles,"engulf H4 trend ex(0.5, 2.0)",197,1.049,40.6,141,0.961,38.3,-2.9,1.143,0.554,50.6
Candles,"engulf H4 trend ex(0.5, 3.0)",195,1.005,36.9,141,1.054,38.3,4.1,1.255,0.604,51.8
Candles,"engulf H4 ex(0.2, 1.5)",426,0.974,41.5,319,1.019,41.7,3.3,1.039,1.003,52.5
Candles,"engulf H4 ex(0.2, 2.0)",389,0.98,37.3,302,1.019,37.4,3.4,1.075,0.974,56.2
Candles,"engulf H4 ex(0.5, 2.0)",346,0.812,35.5,278,0.96,38.8,-6.1,1.049,0.887,53.8
Candles,"engulf H4 ex(0.5, 3.0)",332,0.845,34.0,264,0.869,34.8,-20.6,1.056,0.73,56.5
Candles,"engulf D1 trend ex(0.2, 1.5)",21,1.863,52.4,19,1.284,42.1,1.5,3.954,0.314,20.0
Candles,"engulf D1 trend ex(0.2, 2.0)",21,1.333,47.6,19,1.193,42.1,1.0,3.61,0.314,22.5
Candles,"engulf D1 trend ex(0.5, 2.0)",21,0.775,42.9,19,1.179,42.1,0.8,5.362,0.259,22.5
Candles,"engulf D1 trend ex(0.5, 3.0)",21,0.775,42.9,19,1.148,42.1,0.7,5.189,0.259,22.5
Candles,"engulf D1 ex(0.2, 1.5)",53,0.786,43.4,58,0.73,41.4,-5.7,3.209,0.363,29.7
Candles,"engulf D1 ex(0.2, 2.0)",53,0.7,41.5,58,0.778,41.4,-4.7,3.396,0.39,30.6
Candles,"engulf D1 ex(0.5, 2.0)",51,0.537,39.2,58,0.773,43.1,-4.0,4.149,0.334,26.6
Candles,"engulf D1 ex(0.5, 3.0)",51,0.466,39.2,58,0.763,43.1,-4.2,4.056,0.334,26.6
Candles,"pin M30 trend ex(0.2, 1.5)",1278,0.825,36.7,1197,0.892,38.2,-78.4,0.937,0.8,60.9
Candles,"pin M30 trend ex(0.2, 2.0)",1243,0.837,32.0,1164,0.926,34.0,-56.0,0.98,0.814,65.1
Candles,"pin M30 trend ex(0.5, 2.0)",1149,0.906,35.2,1078,0.952,36.0,-31.9,1.028,0.803,61.2
Candles,"pin M30 trend ex(0.5, 3.0)",1123,0.905,30.8,1046,0.989,33.2,-7.7,1.035,0.894,64.5
Candles,"pin M30 ex(0.2, 1.5)",2323,0.827,36.7,2145,0.834,36.6,-222.3,0.882,0.79,61.6
Candles,"pin M30 ex(0.2, 2.0)",2165,0.837,31.9,2044,0.832,31.5,-232.2,0.885,0.783,66.3
Candles,"pin M30 ex(0.5, 2.0)",1899,0.893,35.1,1816,0.821,32.8,-210.9,0.896,0.752,61.9
Candles,"pin M30 ex(0.5, 3.0)",1787,0.897,30.9,1715,0.839,29.0,-189.3,0.95,0.74,65.7
Candles,"pin H1 trend ex(0.2, 1.5)",624,0.825,35.9,598,0.994,40.6,-2.1,1.101,0.767,60.6
Candles,"pin H1 trend ex(0.2, 2.0)",612,0.795,29.7,586,1.013,35.5,4.7,1.104,0.812,65.9
Candles,"pin H1 trend ex(0.5, 2.0)",559,0.883,32.9,538,0.943,36.1,-19.3,1.067,0.681,62.5
Candles,"pin H1 trend ex(0.5, 3.0)",541,0.922,29.6,518,0.967,32.0,-11.3,1.125,0.628,65.9
Candles,"pin H1 ex(0.2, 1.5)",1109,0.821,36.0,1075,0.913,38.5,-56.8,0.978,0.842,61.2
Candles,"pin H1 ex(0.2, 2.0)",1044,0.814,30.5,1016,0.948,33.7,-34.6,0.993,0.897,66.2
Candles,"pin H1 ex(0.5, 2.0)",915,0.85,32.9,873,0.96,36.2,-21.6,1.024,0.89,62.8
Candles,"pin H1 ex(0.5, 3.0)",864,0.927,30.8,811,1.025,32.4,13.2,1.101,0.939,65.4
Candles,"pin H4 trend ex(0.2, 1.5)",152,0.822,38.2,125,1.0,41.6,0.0,1.122,0.737,56.3
Candles,"pin H4 trend ex(0.2, 2.0)",149,0.85,34.2,124,0.915,36.3,-6.4,1.153,0.421,59.7
Candles,"pin H4 trend ex(0.5, 2.0)",136,0.869,36.0,118,0.932,39.0,-4.5,1.168,0.451,54.3
Candles,"pin H4 trend ex(0.5, 3.0)",136,0.852,32.4,118,1.007,35.6,0.5,1.284,0.432,57.9
Candles,"pin H4 ex(0.2, 1.5)",291,1.029,41.9,287,0.857,38.3,-24.9,0.884,0.833,56.9
Candles,"pin H4 ex(0.2, 2.0)",284,1.013,37.0,277,0.813,32.5,-34.0,0.903,0.73,61.5
Candles,"pin H4 ex(0.5, 2.0)",261,0.832,35.2,256,0.805,33.6,-31.2,0.893,0.731,59.4
Candles,"pin H4 ex(0.5, 3.0)",253,0.77,30.8,245,0.843,31.0,-25.1,0.963,0.741,63.1
Candles,"pin D1 trend ex(0.2, 1.5)",19,0.943,42.1,15,0.131,26.7,-6.6,0.161,0.092,35.3
Candles,"pin D1 trend ex(0.2, 2.0)",19,1.075,42.1,15,0.131,26.7,-6.6,0.161,0.092,35.3
Candles,"pin D1 trend ex(0.5, 2.0)",19,1.169,42.1,15,0.185,33.3,-4.5,0.255,0.099,23.5
Candles,"pin D1 trend ex(0.5, 3.0)",19,1.28,42.1,15,0.185,33.3,-4.5,0.255,0.099,23.5
Candles,"pin D1 ex(0.2, 1.5)",40,0.914,50.0,38,0.348,28.9,-14.2,0.633,0.232,41.0
Candles,"pin D1 ex(0.2, 2.0)",39,0.981,51.3,38,0.278,26.3,-16.5,0.701,0.117,41.6
Candles,"pin D1 ex(0.5, 2.0)",39,0.931,51.3,38,0.251,31.6,-14.0,0.645,0.109,32.5
Candles,"pin D1 ex(0.5, 3.0)",39,0.988,51.3,38,0.251,31.6,-14.0,0.645,0.109,32.5
Candles,"outside M30 trend ex(0.2, 1.5)",942,0.934,39.8,924,0.984,41.1,-8.1,1.001,0.94,55.4
Candles,"outside M30 trend ex(0.2, 2.0)",908,0.929,34.9,893,1.059,38.0,30.7,1.11,0.936,59.0
Candles,"outside M30 trend ex(0.5, 2.0)",868,0.876,35.4,848,1.061,39.2,29.2,1.074,1.029,56.4
Candles,"outside M30 trend ex(0.5, 3.0)",848,0.87,32.3,811,1.093,37.0,44.1,1.147,0.968,58.6
Candles,"outside M30 ex(0.2, 1.5)",1684,0.897,39.3,1574,0.916,39.8,-75.1,0.957,0.873,56.1
Candles,"outside M30 ex(0.2, 2.0)",1602,0.897,34.6,1499,0.97,36.6,-26.8,1.078,0.862,59.4
Candles,"outside M30 ex(0.5, 2.0)",1460,0.889,36.3,1381,0.973,37.8,-20.9,1.03,0.918,55.3
Candles,"outside M30 ex(0.5, 3.0)",1398,0.91,33.3,1306,0.977,35.1,-17.7,1.095,0.866,57.8
Candles,"outside H1 trend ex(0.2, 1.5)",515,1.004,42.1,534,0.908,39.9,-28.3,0.98,0.731,54.7
Candles,"outside H1 trend ex(0.2, 2.0)",496,0.94,36.5,517,0.974,36.4,-8.0,1.057,0.769,58.5
Candles,"outside H1 trend ex(0.5, 2.0)",474,0.846,36.9,486,0.917,36.6,-23.8,0.959,0.81,56.5
Candles,"outside H1 trend ex(0.5, 3.0)",461,0.896,35.6,469,0.97,35.4,-8.5,1.055,0.763,57.5
Candles,"outside H1 ex(0.2, 1.5)",898,0.985,41.3,888,0.809,37.2,-100.8,0.777,0.846,55.6
Candles,"outside H1 ex(0.2, 2.0)",853,0.986,37.0,840,0.877,34.4,-63.5,0.893,0.859,58.3
Candles,"outside H1 ex(0.5, 2.0)",768,0.917,37.2,759,0.838,34.8,-73.0,0.843,0.831,55.7
Candles,"outside H1 ex(0.5, 3.0)",736,0.923,35.2,724,0.865,33.1,-59.3,0.906,0.818,57.1
Candles,"outside H4 trend ex(0.2, 1.5)",179,1.039,44.1,170,1.437,52.9,31.7,1.624,1.092,45.6
Candles,"outside H4 trend ex(0.2, 2.0)",167,0.956,39.5,166,1.285,47.6,22.9,1.592,0.779,50.8
Candles,"outside H4 trend ex(0.5, 2.0)",160,1.02,42.5,152,1.528,53.9,33.0,1.89,0.904,44.2
Candles,"outside H4 trend ex(0.5, 3.0)",156,0.997,38.5,150,1.585,52.0,37.3,1.964,0.921,46.4
Candles,"outside H4 ex(0.2, 1.5)",304,0.991,43.1,288,1.177,47.6,24.2,1.541,0.895,47.1
Candles,"outside H4 ex(0.2, 2.0)",283,1.009,39.9,273,1.207,44.3,28.8,1.624,0.876,50.2
Candles,"outside H4 ex(0.5, 2.0)",256,0.85,39.8,245,1.252,49.0,28.9,1.901,0.808,47.3
Candles,"outside H4 ex(0.5, 3.0)",248,0.795,37.5,236,1.405,48.7,44.6,2.097,0.896,48.3
Candles,"outside D1 trend ex(0.2, 1.5)",21,1.5,52.4,22,6.528,63.6,11.4,72.806,2.242,7.0
Candles,"outside D1 trend ex(0.2, 2.0)",21,1.336,52.4,22,5.826,63.6,9.9,66.626,1.895,7.0
Candles,"outside D1 trend ex(0.5, 2.0)",21,1.189,52.4,22,4.657,59.1,6.7,66.983,0.788,7.0
Candles,"outside D1 trend ex(0.5, 3.0)",21,1.189,52.4,22,4.578,59.1,6.6,65.638,0.788,7.0
Candles,"outside D1 ex(0.2, 1.5)",41,1.115,46.3,37,1.932,54.1,7.8,9.833,0.709,14.1
Candles,"outside D1 ex(0.2, 2.0)",41,1.046,46.3,37,1.82,54.1,6.9,9.592,0.617,14.1
Candles,"outside D1 ex(0.5, 2.0)",40,0.961,47.5,37,1.507,51.4,3.8,8.469,0.317,13.0
Candles,"outside D1 ex(0.5, 3.0)",40,0.961,47.5,37,1.488,51.4,3.7,8.338,0.317,13.0
Fair value gap,"FVG retest M30 trend ex(0.2, 1.5)",1028,0.92,38.8,1235,0.927,39.0,-54.6,0.966,0.82,59.8
Fair value gap,"FVG retest M30 trend ex(0.2, 2.0)",1004,0.892,32.6,1208,0.962,34.2,-30.2,1.018,0.81,64.9
Fair value gap,"FVG retest M30 trend ex(0.5, 2.0)",965,0.943,35.1,1125,0.999,36.2,-0.8,1.088,0.779,60.8
Fair value gap,"FVG retest M30 trend ex(0.5, 3.0)",902,0.939,30.5,1054,0.997,31.8,-1.9,1.079,0.79,65.0
Fair value gap,"FVG retest M30 ex(0.2, 1.5)",1986,0.902,38.5,2194,0.894,38.1,-141.5,0.967,0.816,60.1
Fair value gap,"FVG retest M30 ex(0.2, 2.0)",1934,0.928,33.6,2135,0.934,33.6,-91.6,1.033,0.83,64.6
Fair value gap,"FVG retest M30 ex(0.5, 2.0)",1796,0.98,36.1,1931,0.961,35.3,-47.3,1.121,0.803,60.8
Fair value gap,"FVG retest M30 ex(0.5, 3.0)",1669,0.976,31.2,1804,0.991,31.1,-10.6,1.12,0.861,64.8
Fair value gap,"FVG retest H1 trend ex(0.2, 1.5)",509,1.009,40.9,601,0.968,39.4,-11.6,1.054,0.768,58.6
Fair value gap,"FVG retest H1 trend ex(0.2, 2.0)",503,0.981,34.8,586,0.97,33.4,-11.5,1.068,0.745,64.3
Fair value gap,"FVG retest H1 trend ex(0.5, 2.0)",479,1.212,39.9,556,1.053,36.3,18.1,1.148,0.833,58.5
Fair value gap,"FVG retest H1 trend ex(0.5, 3.0)",457,1.188,34.6,517,1.05,30.8,17.1,1.123,0.876,63.4
Fair value gap,"FVG retest H1 ex(0.2, 1.5)",984,0.994,40.3,1104,0.917,38.0,-55.3,1.099,0.759,58.7
Fair value gap,"FVG retest H1 ex(0.2, 2.0)",960,0.989,34.7,1072,0.972,33.3,-19.1,1.187,0.784,63.6
Fair value gap,"FVG retest H1 ex(0.5, 2.0)",879,1.104,37.8,986,0.953,34.1,-29.2,1.143,0.786,60.2
Fair value gap,"FVG retest H1 ex(0.5, 3.0)",826,1.09,32.6,910,1.005,30.0,2.8,1.205,0.828,64.2
Fair value gap,"FVG retest H4 trend ex(0.2, 1.5)",186,0.968,40.3,225,1.052,44.0,6.5,0.992,1.268,55.2
Fair value gap,"FVG retest H4 trend ex(0.2, 2.0)",184,0.919,35.9,220,1.104,40.0,13.6,0.996,1.511,59.2
Fair value gap,"FVG retest H4 trend ex(0.5, 2.0)",173,1.125,40.5,211,1.232,44.1,26.4,1.152,1.522,51.8
Fair value gap,"FVG retest H4 trend ex(0.5, 3.0)",162,1.085,37.0,198,1.203,38.4,23.7,1.211,1.175,55.8
Fair value gap,"FVG retest H4 ex(0.2, 1.5)",316,1.04,42.1,363,1.0,42.7,0.1,1.02,0.974,54.3
Fair value gap,"FVG retest H4 ex(0.2, 2.0)",311,1.042,37.6,352,1.052,38.9,10.9,0.961,1.181,58.1
Fair value gap,"FVG retest H4 ex(0.5, 2.0)",284,1.127,40.8,328,1.211,43.3,37.0,1.167,1.273,50.0
Fair value gap,"FVG retest H4 ex(0.5, 3.0)",266,1.013,36.1,309,1.169,38.8,30.1,1.289,1.008,53.9
Fair value gap,"FVG retest D1 trend ex(0.2, 1.5)",46,1.04,52.2,66,1.523,54.5,11.7,1.446,1.893,33.9
Fair value gap,"FVG retest D1 trend ex(0.2, 2.0)",46,1.15,52.2,66,1.671,54.5,15.0,1.68,1.631,33.9
Fair value gap,"FVG retest D1 trend ex(0.5, 2.0)",45,1.259,57.8,66,1.642,56.1,12.3,1.665,1.533,26.1
Fair value gap,"FVG retest D1 trend ex(0.5, 3.0)",45,1.33,57.8,65,1.472,53.8,9.5,1.51,1.281,27.3
Fair value gap,"FVG retest D1 ex(0.2, 1.5)",52,1.06,53.8,81,1.545,55.6,14.6,1.418,1.906,32.3
Fair value gap,"FVG retest D1 ex(0.2, 2.0)",52,1.163,53.8,81,1.677,55.6,18.2,1.635,1.795,32.3
Fair value gap,"FVG retest D1 ex(0.5, 2.0)",51,1.251,58.8,81,1.606,56.8,14.2,1.608,1.601,25.0
Fair value gap,"FVG retest D1 ex(0.5, 3.0)",51,1.316,58.8,80,1.478,55.0,11.7,1.467,1.51,26.0
Swing failure,"SFP M30 trend ex(0.2, 1.5)",1123,0.884,38.0,1183,0.877,37.8,-89.2,0.891,0.846,60.1
Swing failure,"SFP M30 trend ex(0.2, 2.0)",1100,0.925,33.9,1150,0.912,33.4,-66.3,0.93,0.871,64.4
Swing failure,"SFP M30 trend ex(0.5, 2.0)",1049,0.936,35.2,1103,0.926,34.5,-52.3,1.003,0.773,62.3
Swing failure,"SFP M30 trend ex(0.5, 3.0)",1018,0.984,30.9,1071,0.927,29.7,-53.1,0.995,0.791,66.6
Swing failure,"SFP M30 ex(0.2, 1.5)",2194,0.806,35.8,2096,0.851,37.0,-192.5,0.872,0.832,61.5
Swing failure,"SFP M30 ex(0.2, 2.0)",2098,0.879,32.5,1998,0.867,32.1,-177.4,0.897,0.837,65.5
Swing failure,"SFP M30 ex(0.5, 2.0)",1880,0.897,34.1,1821,0.887,33.5,-132.5,0.97,0.812,63.1
Swing failure,"SFP M30 ex(0.5, 3.0)",1728,0.965,30.7,1680,0.873,28.3,-148.5,0.967,0.784,67.3
Swing failure,"SFP H1 trend ex(0.2, 1.5)",616,0.914,39.4,548,0.893,38.3,-35.4,0.86,0.973,59.6
Swing failure,"SFP H1 trend ex(0.2, 2.0)",603,0.95,34.8,539,0.941,33.8,-20.7,0.924,0.981,63.8
Swing failure,"SFP H1 trend ex(0.5, 2.0)",543,0.904,35.9,507,0.974,36.1,-8.2,0.994,0.933,61.3
Swing failure,"SFP H1 trend ex(0.5, 3.0)",527,0.906,31.9,494,0.929,31.4,-23.2,0.896,0.998,65.3
Swing failure,"SFP H1 ex(0.2, 1.5)",1148,0.91,38.9,1002,0.814,36.2,-116.4,0.853,0.774,60.3
Swing failure,"SFP H1 ex(0.2, 2.0)",1084,0.945,34.2,959,0.891,32.5,-69.3,0.946,0.834,64.3
Swing failure,"SFP H1 ex(0.5, 2.0)",947,0.899,34.5,865,0.904,34.7,-52.6,1.023,0.791,61.9
Swing failure,"SFP H1 ex(0.5, 3.0)",878,0.865,30.2,801,0.871,30.1,-70.0,0.975,0.767,65.8
Swing failure,"SFP H4 trend ex(0.2, 1.5)",172,0.947,40.7,149,0.924,40.9,-6.6,0.87,1.073,55.5
Swing failure,"SFP H4 trend ex(0.2, 2.0)",170,0.927,35.9,148,0.861,35.1,-13.1,0.79,1.062,60.1
Swing failure,"SFP H4 trend ex(0.5, 2.0)",156,1.051,40.4,139,0.916,38.8,-6.7,0.869,1.051,53.2
Swing failure,"SFP H4 trend ex(0.5, 3.0)",153,1.147,36.6,136,1.049,36.8,3.9,0.976,1.266,55.4
Swing failure,"SFP H4 ex(0.2, 1.5)",303,0.9,38.3,282,0.83,37.6,-29.1,0.869,0.789,57.4
Swing failure,"SFP H4 ex(0.2, 2.0)",289,0.895,33.9,268,0.772,31.3,-40.5,0.825,0.712,61.8
Swing failure,"SFP H4 ex(0.5, 2.0)",268,0.931,36.2,244,0.771,34.0,-34.7,0.833,0.699,56.8
Swing failure,"SFP H4 ex(0.5, 3.0)",248,0.995,32.7,231,0.882,32.9,-17.1,1.016,0.73,58.2
Swing failure,"SFP D1 trend ex(0.2, 1.5)",9,1.48,55.6,9,0.461,33.3,-2.8,0.922,0.0,38.9
Swing failure,"SFP D1 trend ex(0.2, 2.0)",9,1.937,55.6,9,0.461,33.3,-2.8,0.922,0.0,38.9
Swing failure,"SFP D1 trend ex(0.5, 2.0)",9,1.31,55.6,8,0.47,37.5,-2.0,1.266,0.0,35.3
Swing failure,"SFP D1 trend ex(0.5, 3.0)",9,1.618,55.6,8,0.47,37.5,-2.0,1.266,0.0,35.3
Swing failure,"SFP D1 ex(0.2, 1.5)",38,0.922,44.7,33,0.826,42.4,-2.8,0.626,0.964,43.7
Swing failure,"SFP D1 ex(0.2, 2.0)",38,1.005,44.7,33,0.951,42.4,-0.8,0.671,1.143,43.7
Swing failure,"SFP D1 ex(0.5, 2.0)",36,0.755,44.4,31,0.943,45.2,-0.7,1.056,0.891,35.8
Swing failure,"SFP D1 ex(0.5, 3.0)",36,0.846,44.4,31,0.979,45.2,-0.3,1.056,0.944,35.8
Fibonacci,"fib 61.8 H1 trend ex(0.2, 'high')",703,0.984,40.5,713,0.874,38.4,-54.2,0.954,0.715,58.1
Fibonacci,"fib 61.8 H1 trend ex(0.2, 1.5)",707,1.008,42.3,715,0.842,38.6,-68.3,0.906,0.714,57.1
Fibonacci,"fib 61.8 H1 trend ex(0.5, 2.0)",669,1.035,38.9,668,0.961,38.3,-15.6,1.026,0.829,57.4
Fibonacci,"fib 61.8 H1 ex(0.2, 'high')",1106,0.884,37.7,1097,0.91,37.8,-59.5,0.952,0.874,59.3
Fibonacci,"fib 61.8 H1 ex(0.2, 1.5)",1124,0.924,40.0,1111,0.834,38.3,-110.1,0.879,0.795,57.9
Fibonacci,"fib 61.8 H1 ex(0.5, 2.0)",952,0.944,37.4,958,0.889,36.6,-63.8,1.014,0.791,58.4
Fibonacci,"fib 61.8 H4 trend ex(0.2, 'high')",251,1.061,39.8,226,0.948,42.5,-6.3,0.93,0.989,51.4
Fibonacci,"fib 61.8 H4 trend ex(0.2, 1.5)",252,0.903,40.1,226,0.91,43.4,-10.8,0.878,0.978,50.8
Fibonacci,"fib 61.8 H4 trend ex(0.5, 2.0)",229,0.995,40.6,219,1.049,45.7,5.2,1.047,1.056,46.7
Fibonacci,"fib 61.8 H4 ex(0.2, 'high')",394,0.94,37.6,352,0.836,36.6,-34.6,0.797,0.87,56.4
Fibonacci,"fib 61.8 H4 ex(0.2, 1.5)",395,0.768,37.2,358,0.809,39.7,-38.7,0.804,0.813,55.0
Fibonacci,"fib 61.8 H4 ex(0.5, 2.0)",326,0.894,38.3,328,0.901,40.5,-17.7,0.999,0.818,50.8
Fibonacci,"fib 61.8 D1 trend ex(0.2, 'high')",33,1.105,48.5,39,1.202,51.3,2.0,1.881,0.664,15.3
Fibonacci,"fib 61.8 D1 trend ex(0.2, 1.5)",33,0.965,45.5,39,1.315,53.8,2.8,1.622,1.018,15.3
Fibonacci,"fib 61.8 D1 trend ex(0.5, 2.0)",34,0.616,44.1,37,1.166,51.4,1.2,2.778,0.386,14.1
Fibonacci,"fib 61.8 D1 ex(0.2, 'high')",68,1.001,48.5,79,0.765,45.6,-6.2,0.981,0.593,25.2
Fibonacci,"fib 61.8 D1 ex(0.2, 1.5)",67,1.011,47.8,79,0.782,46.8,-5.5,0.882,0.696,24.7
Fibonacci,"fib 61.8 D1 ex(0.5, 2.0)",71,0.709,46.5,78,0.74,46.2,-5.9,1.426,0.371,24.2
CONTROL (no signal),"trend entry every 8 M30 trend ex(1.5, 2.0)",2498,1.004,38.3,2537,1.042,39.1,61.0,1.124,0.87,55.4
CONTROL (no signal),"trend entry every 8 M30 trend ex(2.0, 3.0)",1906,1.028,40.2,1931,1.059,41.4,59.2,1.152,0.858,48.6
CONTROL (no signal),"trend entry every 8 M30 trend ex(1.0, 2.0)",3232,0.955,34.3,3347,1.002,35.0,4.3,1.085,0.826,63.7
CONTROL (no signal),"trend entry every 8 H1 trend ex(1.5, 2.0)",1237,0.985,37.5,1280,1.186,41.4,133.5,1.31,0.931,56.4
CONTROL (no signal),"trend entry every 8 H1 trend ex(2.0, 3.0)",1024,1.017,40.6,1044,1.144,43.3,77.1,1.26,0.892,49.0
CONTROL (no signal),"trend entry every 8 H1 trend ex(1.0, 2.0)",1631,0.947,33.0,1694,1.106,36.5,113.3,1.207,0.894,64.2
CONTROL (no signal),"trend entry every 8 H4 trend ex(1.5, 2.0)",380,1.016,40.0,405,1.133,43.2,27.3,1.281,0.81,49.6
CONTROL (no signal),"trend entry every 8 H4 trend ex(2.0, 3.0)",305,0.98,43.9,325,1.261,48.0,34.7,1.476,0.832,38.9
CONTROL (no signal),"trend entry every 8 H4 trend ex(1.0, 2.0)",469,1.033,36.9,502,1.102,38.0,30.5,1.225,0.825,59.2
CONTROL (no signal),"trend entry every 8 D1 trend ex(1.5, 2.0)",82,0.754,45.1,104,1.358,51.9,9.3,2.15,0.434,14.5
CONTROL (no signal),"trend entry every 8 D1 trend ex(2.0, 3.0)",82,0.734,45.1,104,1.352,51.9,7.1,1.989,0.542,5.9
CONTROL (no signal),"trend entry every 8 D1 trend ex(1.0, 2.0)",82,0.713,41.5,104,1.494,50.0,17.8,2.118,0.535,30.6
CONTROL (no signal),"trend entry every 24 M30 trend ex(1.5, 2.0)",1425,0.966,36.8,1448,1.07,39.3,58.8,1.179,0.841,56.6
CONTROL (no signal),"trend entry every 24 M30 trend ex(2.0, 3.0)",1272,1.02,38.8,1280,1.13,41.9,86.9,1.294,0.792,49.6
CONTROL (no signal),"trend entry every 24 M30 trend ex(1.0, 2.0)",1479,0.853,31.6,1516,0.984,34.5,-15.8,1.036,0.868,65.5
CONTROL (no signal),"trend entry every 24 H1 trend ex(1.5, 2.0)",743,1.077,39.3,765,1.148,39.9,65.3,1.21,1.003,57.1
CONTROL (no signal),"trend entry every 24 H1 trend ex(2.0, 3.0)",743,1.069,42.1,765,1.141,42.0,56.9,1.239,0.911,50.9
CONTROL (no signal),"trend entry every 24 H1 trend ex(1.0, 2.0)",743,0.963,33.1,765,1.101,36.1,48.9,1.234,0.811,64.5
CONTROL (no signal),"trend entry every 24 H4 trend ex(1.5, 2.0)",183,0.952,39.9,191,1.316,45.0,29.5,1.372,1.174,48.1
CONTROL (no signal),"trend entry every 24 H4 trend ex(2.0, 3.0)",183,0.99,45.4,191,1.289,47.6,22.9,1.372,1.084,38.2
CONTROL (no signal),"trend entry every 24 H4 trend ex(1.0, 2.0)",183,1.149,38.8,191,1.276,40.8,29.8,1.297,1.223,57.0
CONTROL (no signal),"trend entry every 24 D1 trend ex(1.5, 2.0)",28,1.028,53.6,34,1.294,55.9,2.6,1.717,0.355,14.5
CONTROL (no signal),"trend entry every 24 D1 trend ex(2.0, 3.0)",28,1.029,53.6,34,1.169,55.9,1.3,1.556,0.32,6.5
CONTROL (no signal),"trend entry every 24 D1 trend ex(1.0, 2.0)",28,0.802,50.0,34,1.249,50.0,3.3,1.593,0.384,32.3
