open_time;close_time;dir;lots;entry;sl;tp;exit;exit_reason;profit_usd;risk_price;result_R;mfe_R;mae_R;minutes;range_width;median;ratio;sma_d1;px_vs_sma_pct;hour;weekday
2022.01.31 17:01;2022.01.31 21:02;SHORT;0.10;1794.88;1799.59;1786.27;1799.61;SL;-47.30;4.71;-1.004;0.352;1.004;241;4.44;5.47;0.812;1802.63;-0.385;17;Mon
2022.02.01 17:02;2022.02.01 17:51;SHORT;0.10;1798.83;1805.89;1789.42;1805.97;SL;-71.40;7.06;-1.011;0.135;1.011;49;5.49;4.97;1.105;1801.64;0.036;17;Tue
2022.02.02 17:01;2022.02.02 23:00;LONG;0.10;1807.36;1800.52;1815.34;1807.53;CLOSE;1.70;6.84;0.025;0.488;0.692;359;4.94;5.25;0.942;1801.57;0.095;17;Wed
2022.02.03 17:40;2022.02.03 23:00;LONG;0.10;1803.66;1788.50;1832.27;1805.12;CLOSE;14.60;15.16;0.096;0.260;0.175;320;14.59;5.25;2.782;1801.93;-0.589;17;Thu
2022.02.04 17:05;2022.02.04 23:00;LONG;0.10;1807.94;1798.73;1823.72;1807.98;CLOSE;0.40;9.21;0.004;0.260;0.533;355;8.33;5.25;1.588;1802.26;0.110;17;Fri
2022.02.08 17:11;2022.02.08 23:00;LONG;0.10;1823.65;1820.07;1829.16;1826.90;CLOSE;32.50;3.58;0.908;1.399;0.089;349;3.03;5.71;0.530;1803.25;1.046;17;Tue
2022.02.09 17:29;2022.02.09 23:00;LONG;0.10;1831.38;1826.47;1840.09;1833.19;CLOSE;18.10;4.91;0.369;0.882;0.721;331;4.54;5.71;0.794;1804.08;1.353;17;Wed
2022.02.10 17:07;2022.02.10 23:00;LONG;0.10;1834.97;1825.52;1850.75;1827.05;CLOSE;-79.20;9.45;-0.838;0.726;0.896;353;8.41;5.71;1.472;1805.26;1.444;17;Thu
2022.02.11 17:07;2022.02.11 20:01;LONG;0.10;1832.61;1828.14;1840.89;1840.90;TP;82.90;4.47;1.855;1.855;0.174;174;4.25;5.96;0.713;1806.16;1.298;17;Fri
2022.02.14 17:01;2022.02.14 23:00;LONG;0.10;1866.91;1859.98;1879.78;1871.80;CLOSE;48.90;6.93;0.706;1.027;0.970;359;6.60;5.71;1.155;1807.95;3.231;17;Mon
2022.02.17 17:11;2022.02.17 23:00;LONG;0.10;1895.93;1889.24;1906.85;1898.54;CLOSE;26.10;6.69;0.390;0.764;0.555;349;5.87;6.37;0.921;1812.91;4.435;17;Thu
2022.02.23 17:03;2022.02.23 23:00;LONG;0.10;1907.14;1899.58;1919.20;1909.15;CLOSE;20.10;7.56;0.266;0.435;0.542;357;6.54;6.03;1.085;1822.30;4.600;17;Wed
2022.03.01 17:46;2022.03.01 22:50;LONG;0.10;1927.98;1917.64;1945.69;1945.88;TP;179.00;10.34;1.731;1.731;0.464;304;9.35;6.11;1.529;1831.62;5.041;17;Tue
2022.03.02 17:11;2022.03.02 18:03;LONG;0.10;1931.54;1922.14;1949.26;1922.13;SL;-94.10;9.40;-1.001;0.420;1.001;52;9.04;6.45;1.402;1834.71;5.162;17;Wed
2022.03.07 17:37;2022.03.07 23:00;LONG;0.10;1986.41;1973.23;2010.22;1996.63;CLOSE;102.20;13.18;0.775;0.952;0.883;323;12.33;6.45;1.912;1843.38;7.649;17;Mon
2022.03.08 17:01;2022.03.08 23:00;LONG;0.10;2041.58;2016.54;2090.70;2050.92;CLOSE;93.40;25.04;0.373;1.151;0.819;359;24.72;6.55;3.774;1847.09;10.419;17;Tue
2022.03.09 17:17;2022.03.09 20:56;LONG;0.10;1994.85;1981.71;2019.45;1981.69;SL;-131.60;13.14;-1.002;0.809;1.002;219;12.58;6.58;1.912;1851.98;7.269;17;Wed
2022.03.11 17:01;2022.03.11 23:00;LONG;0.10;1978.50;1965.13;2001.34;1982.55;CLOSE;40.50;13.37;0.303;0.854;0.638;359;12.07;6.98;1.730;1859.35;6.225;17;Fri
2022.03.17 17:16;2022.03.17 21:11;LONG;0.10;1947.20;1939.22;1961.09;1939.21;SL;-79.90;7.98;-1.001;0.317;1.001;235;7.29;9.25;0.789;1869.93;4.010;17;Thu
2022.03.18 17:52;2022.03.18 21:38;LONG;0.10;1937.01;1926.19;1954.81;1926.19;SL;-108.20;10.82;-1.000;0.116;1.000;226;9.54;9.25;1.032;1872.96;3.228;17;Fri
2022.03.21 17:01;2022.03.21 23:00;LONG;0.10;1931.40;1921.18;1949.05;1935.02;CLOSE;36.20;10.22;0.354;0.926;0.446;359;9.29;9.33;0.995;1875.44;2.892;17;Mon
2022.03.24 17:19;2022.03.24 23:00;LONG;0.10;1959.73;1947.44;1976.27;1961.35;CLOSE;16.20;12.29;0.132;0.516;0.219;341;9.61;9.33;1.029;1882.46;3.765;17;Thu
2022.03.25 17:06;2022.03.25 23:00;LONG;0.10;1952.44;1942.98;1969.32;1954.29;CLOSE;18.50;9.46;0.196;0.978;0.265;354;8.78;9.33;0.941;1885.16;3.365;17;Fri
2022.03.28 17:04;2022.03.28 21:52;LONG;0.10;1938.43;1930.03;1952.89;1930.02;SL;-84.10;8.40;-1.001;0.482;1.001;288;7.62;9.33;0.816;1887.97;2.564;17;Mon
2022.03.29 17:02;2022.03.29 23:00;LONG;0.10;1912.21;1893.36;1940.43;1919.32;CLOSE;71.10;18.85;0.377;0.484;0.266;358;15.69;9.33;1.681;1890.04;0.918;17;Tue
2022.03.30 17:35;2022.03.30 23:00;LONG;0.10;1935.80;1925.23;1953.40;1934.18;CLOSE;-16.20;10.57;-0.153;0.253;0.507;325;9.39;9.41;0.998;1892.15;2.093;17;Wed
2022.03.31 18:26;2022.03.31 22:48;LONG;0.10;1943.23;1936.69;1953.70;1936.69;SL;-65.40;6.54;-1.000;1.002;1.000;262;5.67;9.44;0.600;1893.99;2.307;18;Thu
2022.04.05 17:01;2022.04.05 17:08;LONG;0.10;1944.14;1937.96;1954.43;1937.96;SL;-61.80;6.18;-1.000;0.060;1.000;7;5.49;9.46;0.580;1899.55;2.243;17;Tue
2022.04.07 17:01;2022.04.07 23:00;LONG;0.10;1933.40;1926.53;1943.24;1932.27;CLOSE;-11.30;6.87;-0.164;0.622;0.576;359;5.57;9.30;0.599;1903.18;1.494;17;Thu
2022.04.08 17:01;2022.04.08 23:00;LONG;0.10;1941.44;1934.40;1953.87;1943.99;CLOSE;25.50;7.04;0.362;0.950;0.359;359;6.49;9.03;0.718;1905.88;1.761;17;Fri
2022.04.12 17:50;2022.04.12 23:00;LONG;0.10;1973.70;1960.41;1996.92;1968.75;CLOSE;-49.50;13.29;-0.372;0.363;0.683;310;12.17;8.20;1.484;1912.12;2.573;17;Tue
2022.04.18 17:06;2022.04.18 17:36;LONG;0.10;1993.93;1988.86;2002.72;1988.62;SL;-53.10;5.07;-1.047;0.079;1.047;30;4.62;9.03;0.511;1922.24;3.671;17;Mon
2022.04.20 17:04;2022.04.20 23:00;LONG;0.10;1951.67;1943.79;1966.17;1957.78;CLOSE;61.10;7.88;0.775;0.813;0.306;356;7.46;8.11;0.920;1928.25;1.073;17;Wed
2022.04.25 17:01;2022.04.25 23:00;SHORT;0.10;1895.91;1902.67;1883.29;1898.04;CLOSE;-21.30;6.76;-0.315;0.589;0.993;359;6.46;8.11;0.797;1935.34;-1.997;17;Mon
2022.04.26 17:18;2022.04.26 23:00;SHORT;0.10;1904.01;1911.18;1889.94;1901.24;CLOSE;27.70;7.17;0.386;1.036;0.605;342;7.08;7.55;0.938;1936.12;-1.651;17;Tue
2022.04.28 17:15;2022.04.28 22:00;SHORT;0.10;1884.63;1892.89;1870.45;1892.89;SL;-82.60;8.26;-1.000;0.168;1.000;285;7.48;7.47;1.001;1937.47;-2.435;17;Thu
2022.05.05 17:02;2022.05.05 23:00;SHORT;0.10;1892.47;1903.80;1870.95;1878.04;CLOSE;144.30;11.33;1.274;1.755;0.186;358;10.95;7.48;1.464;1936.20;-2.133;17;Thu
2022.05.09 17:18;2022.05.09 23:00;SHORT;0.10;1860.46;1868.26;1847.32;1853.60;CLOSE;68.60;7.80;0.879;0.992;0.737;342;6.98;8.14;0.857;1935.16;-3.718;17;Mon
2022.05.10 17:40;2022.05.10 22:59;SHORT;0.10;1854.72;1864.44;1835.73;1835.73;TP;189.90;9.72;1.954;1.954;0.080;319;9.57;8.14;1.175;1934.46;-4.002;17;Tue
2022.05.11 17:16;2022.05.11 23:00;SHORT;0.10;1847.07;1858.08;1825.17;1853.27;CLOSE;-62.00;11.01;-0.563;0.025;0.867;344;10.97;8.14;1.347;1933.05;-4.131;17;Wed
2022.05.12 17:01;2022.05.12 23:00;SHORT;0.10;1837.51;1848.22;1818.94;1824.01;CLOSE;135.00;10.71;1.261;1.485;0.550;359;9.76;8.14;1.198;1931.20;-4.769;17;Thu
2022.05.17 17:06;2022.05.17 23:00;SHORT;0.10;1822.11;1828.14;1810.41;1816.20;CLOSE;59.10;6.03;0.980;1.368;0.391;354;5.91;8.14;0.726;1923.65;-5.186;17;Tue
2022.05.20 17:01;2022.05.20 18:08;SHORT;0.10;1835.76;1843.79;1821.14;1843.79;SL;-80.30;8.03;-1.000;0.425;1.000;67;7.55;8.14;0.927;1912.33;-3.976;17;Fri
2022.05.25 17:01;2022.05.25 21:59;SHORT;0.10;1847.25;1854.32;1837.58;1854.33;SL;-70.80;7.07;-1.001;0.751;1.001;298;5.58;8.14;0.685;1904.95;-2.913;17;Wed
2022.05.27 17:02;2022.05.27 23:00;SHORT;0.10;1853.74;1860.47;1843.67;1853.56;CLOSE;1.80;6.73;0.027;0.380;0.557;358;5.60;7.93;0.707;1902.13;-2.424;17;Fri
2022.05.31 17:01;2022.05.31 17:26;SHORT;0.10;1848.52;1855.38;1841.16;1841.15;TP;73.70;6.86;1.074;1.074;0.019;25;4.74;7.63;0.621;1899.04;-2.532;17;Tue
2022.06.01 17:01;2022.06.01 19:18;SHORT;0.10;1842.48;1849.06;1833.85;1849.06;SL;-65.80;6.58;-1.000;0.669;1.000;137;5.07;7.26;0.698;1897.07;-2.732;17;Wed
2022.06.06 17:01;2022.06.06 23:00;SHORT;0.10;1848.32;1854.08;1837.97;1842.22;CLOSE;61.00;5.76;1.059;1.323;0.370;359;5.37;6.04;0.889;1891.95;-2.198;17;Mon
2022.06.09 17:01;2022.06.09 23:00;SHORT;0.10;1845.21;1850.88;1835.04;1847.12;CLOSE;-19.10;5.67;-0.337;0.908;0.952;359;5.28;5.86;0.902;1886.89;-2.133;17;Thu
2022.06.13 17:04;2022.06.13 23:00;SHORT;0.10;1827.56;1837.45;1812.31;1822.77;CLOSE;47.90;9.89;0.484;0.828;0.621;356;8.38;5.70;1.470;1883.89;-2.831;17;Mon
2022.06.14 17:07;2022.06.14 23:00;SHORT;0.10;1814.81;1820.50;1804.99;1808.54;CLOSE;62.70;5.69;1.102;1.684;0.460;353;5.17;5.76;0.898;1881.78;-3.500;17;Tue
2022.06.15 17:02;2022.06.15 21:38;SHORT;0.10;1823.20;1828.83;1812.81;1828.86;SL;-56.60;5.63;-1.005;1.707;1.005;276;5.34;5.59;0.955;1879.29;-2.947;17;Wed
2022.06.16 17:01;2022.06.16 17:55;SHORT;0.10;1826.86;1832.12;1817.69;1832.13;SL;-52.70;5.26;-1.002;0.287;1.002;54;4.81;5.47;0.879;1877.50;-2.641;17;Thu
2022.06.17 17:02;2022.06.17 23:00;SHORT;0.10;1841.03;1847.69;1827.98;1837.15;CLOSE;38.80;6.66;0.583;1.068;0.602;358;6.57;5.35;1.227;1876.14;-1.816;17;Fri
2022.06.27 17:01;2022.06.27 23:00;SHORT;0.10;1825.89;1830.72;1820.73;1822.68;CLOSE;32.10;4.83;0.665;1.041;0.516;359;3.33;5.35;0.622;1861.09;-1.756;17;Mon
2022.06.29 17:54;2022.06.29 23:00;SHORT;0.10;1815.35;1830.98;1785.65;1818.49;CLOSE;-31.40;15.63;-0.201;0.024;0.282;306;15.11;5.47;2.762;1855.37;-2.081;17;Wed
2022.06.30 17:10;2022.06.30 23:00;SHORT;0.10;1815.66;1823.28;1800.84;1807.02;CLOSE;86.40;7.62;1.134;1.411;0.100;350;7.48;5.90;1.268;1852.57;-1.922;17;Thu
2022.07.05 17:01;2022.07.05 18:28;SHORT;0.10;1780.78;1795.18;1765.69;1765.68;TP;151.00;14.40;1.049;1.049;0.038;87;9.83;6.40;1.536;1845.45;-3.214;17;Tue
2022.07.06 17:03;2022.07.06 18:54;SHORT;0.10;1755.28;1765.39;1735.33;1735.31;TP;199.70;10.11;1.975;1.975;0.333;111;10.02;6.40;1.566;1842.64;-4.462;17;Wed
2022.07.07 18:01;2022.07.07 23:00;SHORT;0.10;1741.16;1748.74;1726.69;1740.87;CLOSE;2.90;7.58;0.038;0.306;0.261;299;7.35;6.58;1.118;1839.69;-5.039;18;Thu
2022.07.15 17:16;2022.07.15 18:29;SHORT;0.10;1701.22;1708.36;1688.71;1708.39;SL;-71.70;7.14;-1.004;0.289;1.004;73;6.55;7.24;0.905;1821.84;-6.550;17;Fri
2022.07.18 17:10;2022.07.18 23:00;SHORT;0.10;1715.21;1721.24;1704.71;1707.56;CLOSE;76.50;6.03;1.269;1.395;0.458;350;5.51;7.24;0.761;1818.32;-5.460;17;Mon
2022.07.19 17:23;2022.07.19 18:14;SHORT;0.10;1710.29;1714.48;1702.06;1714.48;SL;-41.90;4.19;-1.000;0.117;1.000;51;4.14;7.24;0.572;1815.42;-5.755;17;Tue
2022.07.20 17:06;2022.07.20 23:00;SHORT;0.10;1707.05;1714.47;1694.04;1695.82;CLOSE;112.30;7.42;1.513;1.524;0.482;354;6.81;7.24;0.941;1812.89;-5.707;17;Wed
2022.07.25 17:03;2022.07.25 23:00;SHORT;0.10;1719.05;1724.21;1708.97;1719.18;CLOSE;-1.30;5.16;-0.025;0.824;0.477;357;5.08;7.24;0.702;1806.03;-4.757;17;Mon
2022.08.01 17:26;2022.08.01 23:00;SHORT;0.10;1767.78;1774.78;1755.58;1771.02;CLOSE;-32.40;7.00;-0.463;0.499;0.823;334;6.40;7.01;0.912;1797.01;-1.309;17;Mon
2022.08.03 17:01;2022.08.03 23:00;SHORT;0.10;1761.18;1769.71;1753.93;1765.29;CLOSE;-41.10;8.53;-0.482;0.795;0.607;359;5.26;7.01;0.750;1793.27;-1.475;17;Wed
2022.08.10 17:04;2022.08.10 21:24;LONG;0.10;1798.39;1791.57;1810.14;1791.57;SL;-68.20;6.82;-1.000;0.600;1.000;260;6.19;6.47;0.956;1786.60;0.503;17;Wed
2022.08.15 17:28;2022.08.15 19:48;SHORT;0.10;1776.02;1781.81;1764.50;1781.83;SL;-58.10;5.79;-1.003;0.033;1.003;140;5.77;6.15;0.939;1782.96;-0.288;17;Mon
2022.08.17 18:06;2022.08.17 23:00;SHORT;0.10;1764.79;1773.31;1748.53;1764.64;CLOSE;1.50;8.52;0.018;0.577;0.656;294;8.26;6.15;1.344;1780.18;-0.696;18;Wed
2022.08.18 17:06;2022.08.18 23:00;SHORT;0.10;1764.49;1769.91;1753.89;1759.75;CLOSE;47.40;5.42;0.875;1.681;0.378;354;5.34;6.15;0.869;1778.35;-0.711;17;Thu
2022.08.19 17:01;2022.08.19 23:00;SHORT;0.10;1750.65;1757.31;1737.39;1746.63;CLOSE;40.20;6.66;0.604;0.752;0.291;359;6.64;6.01;1.105;1776.57;-1.408;17;Fri
2022.08.22 18:27;2022.08.22 23:00;SHORT;0.10;1734.79;1738.52;1727.48;1735.01;CLOSE;-2.20;3.73;-0.059;0.249;0.834;273;3.68;6.01;0.612;1774.08;-2.024;18;Mon
2022.08.25 17:06;2022.08.25 20:01;SHORT;0.10;1752.83;1760.00;1739.81;1760.00;SL;-71.70;7.17;-1.000;0.067;1.000;175;6.73;6.01;1.120;1769.57;-0.918;17;Thu
2022.08.26 17:01;2022.08.26 17:02;SHORT;0.10;1748.53;1753.86;1743.18;1743.18;TP;53.50;5.33;1.004;1.004;0.068;1;3.56;6.01;0.592;1767.59;-0.940;17;Fri
2022.08.30 17:06;2022.08.30 17:49;SHORT;0.10;1729.04;1732.71;1722.06;1722.06;TP;69.80;3.67;1.902;1.902;0.420;43;3.55;5.56;0.639;1763.54;-1.772;17;Tue
2022.09.01 17:03;2022.09.01 23:00;SHORT;0.10;1693.96;1700.03;1683.74;1694.78;CLOSE;-8.20;6.07;-0.135;0.837;0.954;357;5.43;5.56;0.977;1758.83;-3.403;17;Thu
2022.09.06 17:01;2022.09.06 23:00;SHORT;0.10;1705.40;1711.77;1699.17;1700.24;CLOSE;51.60;6.37;0.810;0.860;0.662;359;4.20;5.23;0.803;1751.78;-2.461;17;Tue
2022.09.08 17:01;2022.09.08 23:00;SHORT;0.10;1710.27;1716.14;1700.75;1706.95;CLOSE;33.20;5.87;0.566;1.061;0.254;359;5.13;5.23;0.981;1747.44;-2.058;17;Thu
2022.09.14 17:01;2022.09.14 17:54;SHORT;0.10;1702.86;1706.10;1696.68;1706.10;SL;-32.40;3.24;-1.000;0.265;1.000;53;3.14;5.36;0.586;1740.71;-2.134;17;Wed
2022.09.15 17:48;2022.09.15 19:15;SHORT;0.10;1680.06;1690.13;1660.85;1660.83;TP;192.30;10.07;1.910;1.910;0.054;87;9.76;5.24;1.864;1739.88;-2.862;17;Thu
2022.09.21 17:07;2022.09.21 21:00;SHORT;0.10;1671.33;1674.72;1664.91;1664.88;TP;64.50;3.39;1.903;1.903;0.466;233;3.27;5.38;0.607;1734.63;-3.612;17;Wed
2022.09.22 17:01;2022.09.22 23:00;SHORT;0.10;1671.19;1680.18;1655.34;1671.95;CLOSE;-7.60;8.99;-0.085;0.349;0.772;359;8.28;5.38;1.538;1733.40;-3.465;17;Thu
2022.09.23 17:21;2022.09.23 23:00;SHORT;0.10;1643.10;1653.17;1623.50;1643.18;CLOSE;-0.80;10.07;-0.008;0.338;0.603;339;9.89;5.38;1.837;1732.62;-5.059;17;Fri
2022.09.27 17:03;2022.09.27 23:00;SHORT;0.10;1634.32;1639.93;1624.12;1627.46;CLOSE;68.60;5.61;1.223;1.346;0.670;357;5.27;5.41;0.974;1729.62;-5.236;17;Tue
2022.09.29 17:17;2022.09.29 18:08;SHORT;0.10;1649.08;1658.09;1634.96;1658.12;SL;-90.40;9.01;-1.003;0.499;1.003;51;7.71;5.41;1.425;1727.23;-4.286;17;Thu
2022.10.05 17:01;2022.10.05 20:21;SHORT;0.10;1703.23;1711.77;1693.11;1711.79;SL;-85.60;8.54;-1.002;0.313;1.002;200;6.22;6.02;1.032;1724.52;-0.948;17;Wed
2022.10.06 17:19;2022.10.06 23:00;SHORT;0.10;1710.07;1717.16;1696.31;1714.50;CLOSE;-44.30;7.09;-0.625;0.433;0.735;341;6.95;6.02;1.154;1724.17;-0.595;17;Thu
2022.10.07 17:01;2022.10.07 17:49;SHORT;0.10;1696.61;1703.41;1684.27;1703.41;SL;-68.00;6.80;-1.000;0.391;1.000;48;6.38;6.18;1.032;1723.30;-1.473;17;Fri
2022.10.11 17:01;2022.10.11 18:23;SHORT;0.10;1665.65;1672.60;1654.81;1672.61;SL;-69.60;6.95;-1.001;0.309;1.001;82;5.93;6.30;0.941;1719.80;-3.072;17;Tue
2022.10.14 17:01;2022.10.14 23:00;SHORT;0.10;1647.75;1656.18;1635.96;1643.08;CLOSE;46.70;8.43;0.554;0.888;0.600;359;6.74;6.18;1.090;1713.55;-3.699;17;Fri
2022.10.17 17:06;2022.10.17 20:50;SHORT;0.10;1663.96;1668.36;1655.46;1655.46;TP;85.00;4.40;1.932;1.932;0.175;224;4.30;6.18;0.695;1710.92;-2.683;17;Mon
2022.10.18 17:18;2022.10.18 23:00;SHORT;0.10;1651.39;1656.53;1641.62;1651.53;CLOSE;-1.40;5.14;-0.027;1.068;0.395;342;4.97;6.18;0.804;1708.15;-3.291;17;Tue
2022.10.28 17:22;2022.10.28 23:00;SHORT;0.10;1642.11;1648.73;1629.32;1645.21;CLOSE;-31.00;6.62;-0.468;0.606;0.486;338;6.47;6.15;1.053;1687.04;-2.395;17;Fri
2022.11.01 17:01;2022.11.01 23:00;SHORT;0.10;1646.42;1654.05;1641.36;1648.29;CLOSE;-18.70;7.63;-0.245;0.552;0.630;359;4.23;6.15;0.688;1682.93;-1.938;17;Tue
2022.11.02 17:02;2022.11.02 21:00;SHORT;0.10;1652.45;1656.42;1644.72;1656.46;SL;-40.10;3.97;-1.010;1.683;1.010;238;3.90;6.15;0.635;1680.93;-1.638;17;Wed
2022.11.08 17:09;2022.11.08 17:09;LONG;0.10;1684.68;1675.46;1689.83;1689.84;TP;51.60;9.22;0.560;0.560;0.010;0;4.79;6.08;0.788;1673.64;0.332;17;Tue
2022.11.09 17:10;2022.11.09 17:36;LONG;0.10;1721.53;1709.78;1729.49;1709.77;SL;-117.60;11.75;-1.001;0.060;1.001;26;6.57;6.08;1.081;1673.40;2.289;17;Wed
2022.11.10 17:08;2022.11.10 23:00;LONG;0.10;1746.48;1736.65;1762.00;1755.51;CLOSE;90.30;9.83;0.919;0.970;0.303;352;8.45;6.12;1.382;1673.32;4.218;17;Thu
2022.11.11 17:01;2022.11.11 23:00;LONG;0.10;1762.29;1755.52;1774.51;1767.73;CLOSE;54.40;6.77;0.804;0.852;0.560;359;6.33;6.12;1.035;1674.48;5.163;17;Fri
2022.11.14 17:08;2022.11.14 23:00;LONG;0.10;1770.82;1763.51;1783.88;1772.08;CLOSE;12.60;7.31;0.172;0.579;0.588;352;6.79;6.12;1.110;1675.65;5.572;17;Mon
2022.11.16 17:48;2022.11.16 20:18;LONG;0.10;1779.25;1773.04;1791.01;1772.98;SL;-62.70;6.21;-1.010;0.124;1.010;150;5.99;6.25;0.958;1678.41;5.766;17;Wed
2022.11.18 17:54;2022.11.18 20:50;LONG;0.10;1757.92;1749.86;1771.70;1749.86;SL;-80.60;8.06;-1.000;0.083;1.000;176;7.28;6.25;1.165;1680.55;4.341;17;Fri
2022.11.29 17:10;2022.11.29 23:00;LONG;0.10;1753.63;1746.85;1765.51;1748.64;CLOSE;-49.90;6.78;-0.736;0.653;0.855;350;6.22;6.05;1.028;1688.00;3.794;17;Tue
2022.12.08 17:25;2022.12.08 23:00;LONG;0.10;1792.70;1784.47;1808.92;1788.53;CLOSE;-41.70;8.23;-0.507;0.258;0.744;335;8.15;6.51;1.251;1705.62;5.091;17;Thu
2022.12.14 17:50;2022.12.14 19:13;LONG;0.10;1812.46;1808.18;1820.03;1808.17;SL;-42.90;4.28;-1.002;0.121;1.002;83;3.95;6.11;0.647;1714.26;5.606;17;Wed
2022.12.19 17:18;2022.12.19 17:46;LONG;0.10;1792.88;1788.85;1799.56;1788.77;SL;-41.10;4.03;-1.020;0.754;1.020;28;3.57;6.14;0.581;1719.33;4.251;17;Mon
2022.12.20 17:01;2022.12.20 23:00;LONG;0.10;1814.10;1805.66;1828.79;1817.49;CLOSE;33.90;8.44;0.402;0.833;0.130;359;7.71;6.14;1.256;1721.72;5.268;17;Tue
2022.12.21 17:07;2022.12.21 18:07;LONG;0.10;1820.15;1816.13;1827.38;1816.06;SL;-40.90;4.02;-1.017;0.903;1.017;60;3.75;6.46;0.580;1724.75;5.448;17;Wed
2022.12.23 17:11;2022.12.23 18:10;LONG;0.10;1795.38;1791.12;1802.19;1802.31;TP;69.30;4.26;1.627;1.627;0.103;59;3.69;6.14;0.601;1730.11;3.689;17;Fri
2022.12.27 17:05;2022.12.27 17:34;LONG;0.10;1812.44;1803.24;1824.30;1824.72;TP;122.80;9.20;1.335;1.335;0.096;29;7.02;6.14;1.143;1733.19;4.320;17;Tue
2022.12.29 17:09;2022.12.29 23:00;LONG;0.10;1817.72;1811.19;1827.75;1814.53;CLOSE;-31.90;6.53;-0.489;0.366;0.890;351;5.52;5.54;0.995;1739.50;4.277;17;Thu
2023.01.06 17:02;2023.01.06 20:34;LONG;0.10;1850.05;1840.63;1865.50;1865.92;TP;158.70;9.42;1.685;1.685;0.010;212;8.29;5.03;1.648;1758.46;4.840;17;Fri
2023.01.10 17:13;2023.01.10 17:45;LONG;0.10;1880.31;1874.78;1890.59;1874.77;SL;-55.40;5.53;-1.002;0.069;1.002;32;5.27;5.03;1.048;1766.66;6.315;17;Tue
2023.01.13 17:31;2023.01.13 23:00;LONG;0.10;1912.85;1901.33;1934.36;1920.71;CLOSE;78.60;11.52;0.682;0.782;0.298;329;11.01;5.39;2.041;1781.14;7.330;17;Fri
2023.01.19 17:03;2023.01.19 20:40;LONG;0.10;1919.31;1914.53;1925.15;1925.25;TP;59.40;4.78;1.243;1.243;0.456;217;3.54;5.39;0.656;1801.69;6.428;17;Thu
2023.01.20 17:09;2023.01.20 23:00;LONG;0.10;1926.74;1920.64;1937.86;1927.13;CLOSE;3.90;6.10;0.064;0.695;0.652;351;5.74;5.15;1.115;1806.09;6.584;17;Fri
2023.01.25 17:06;2023.01.25 22:03;LONG;0.10;1935.62;1927.44;1943.73;1943.75;TP;81.30;8.18;0.994;0.994;0.831;297;5.43;6.38;0.851;1817.31;6.237;17;Wed
2023.01.27 17:08;2023.01.27 17:46;LONG;0.10;1928.85;1921.70;1939.79;1921.62;SL;-72.30;7.15;-1.011;0.028;1.011;38;6.03;6.46;0.933;1823.81;5.467;17;Fri
2023.01.31 17:02;2023.01.31 23:00;LONG;0.10;1926.83;1919.68;1939.87;1928.44;CLOSE;16.10;7.15;0.225;0.597;0.887;358;6.73;6.61;1.018;1830.16;5.164;17;Tue
2023.02.13 18:05;2023.02.13 23:00;SHORT;0.10;1852.95;1859.30;1841.06;1854.41;CLOSE;-14.60;6.35;-0.230;0.372;0.465;295;6.08;6.38;0.953;1855.22;0.083;18;Mon
2023.02.14 17:04;2023.02.14 23:00;LONG;0.10;1860.28;1843.21;1885.99;1855.90;CLOSE;-43.80;17.07;-0.257;0.315;0.963;356;14.26;6.40;2.226;1856.23;0.003;17;Tue
2023.02.15 17:02;2023.02.15 23:00;SHORT;0.10;1832.84;1838.65;1822.93;1837.66;CLOSE;-48.20;5.81;-0.830;0.404;0.955;358;5.24;6.96;0.753;1857.35;-1.289;17;Wed
2023.02.22 17:08;2023.02.22 17:26;SHORT;0.10;1834.26;1838.18;1826.72;1838.18;SL;-39.20;3.92;-1.000;0.699;1.000;18;3.82;6.05;0.631;1862.91;-1.452;17;Wed
2023.02.23 17:33;2023.02.23 23:00;SHORT;0.10;1822.24;1829.58;1808.88;1823.62;CLOSE;-13.80;7.34;-0.188;0.496;0.311;327;6.90;6.05;1.140;1863.79;-1.917;17;Thu
2023.03.01 17:07;2023.03.01 23:00;SHORT;0.10;1838.02;1844.48;1826.21;1837.41;CLOSE;6.10;6.46;0.094;0.687;0.805;353;6.09;6.02;1.012;1865.56;-1.244;17;Wed
2023.03.03 17:02;2023.03.03 17:47;SHORT;0.10;1841.85;1845.41;1834.85;1845.52;SL;-36.70;3.56;-1.031;0.761;1.031;45;3.52;5.87;0.600;1866.90;-1.249;17;Fri
2023.03.06 17:01;2023.03.06 17:41;SHORT;0.10;1850.64;1853.83;1845.19;1853.92;SL;-32.80;3.19;-1.028;0.351;1.028;40;2.88;5.65;0.510;1867.72;-0.850;17;Mon
2023.03.07 17:01;2023.03.07 17:10;SHORT;0.10;1829.28;1833.52;1822.66;1822.61;TP;66.70;4.24;1.573;1.573;0.042;9;3.62;5.62;0.645;1868.81;-1.984;17;Tue
2023.03.13 17:46;2023.03.13 23:00;LONG;0.10;1911.36;1896.35;1936.58;1913.26;CLOSE;19.00;15.01;0.127;0.214;0.556;314;13.41;5.62;2.388;1870.69;1.388;17;Mon
2023.03.14 18:27;2023.03.14 23:00;LONG;0.10;1908.69;1895.37;1933.74;1902.46;CLOSE;-62.30;13.32;-0.468;0.123;0.489;273;12.79;5.62;2.278;1872.49;1.591;18;Tue
2023.03.16 17:45;2023.03.16 17:54;LONG;0.10;1931.87;1923.27;1946.88;1923.26;SL;-86.10;8.60;-1.001;0.056;1.001;9;7.87;5.86;1.343;1875.06;2.596;17;Thu
2023.03.17 17:01;2023.03.17 20:28;LONG;0.10;1954.20;1944.33;1967.67;1967.69;TP;134.90;9.87;1.367;1.367;0.455;207;7.78;6.26;1.242;1876.79;3.931;17;Fri
2023.03.22 17:14;2023.03.22 21:00;LONG;0.10;1945.44;1939.34;1954.37;1954.44;TP;90.00;6.10;1.475;1.475;0.518;226;5.01;6.85;0.731;1882.65;3.197;17;Wed
2023.03.23 18:25;2023.03.23 23:00;LONG;0.10;1986.14;1975.19;2004.65;1997.78;CLOSE;116.40;10.95;1.063;1.569;0.373;275;9.82;6.85;1.434;1884.54;5.280;18;Thu
2023.03.27 17:20;2023.03.27 23:00;LONG;0.10;1951.69;1943.96;1964.72;1956.94;CLOSE;52.50;7.73;0.679;0.996;0.127;340;6.92;7.63;0.906;1887.63;3.257;17;Mon
2023.03.29 17:35;2023.03.29 18:58;LONG;0.10;1968.39;1961.55;1981.26;1961.41;SL;-69.80;6.84;-1.020;0.487;1.020;83;6.57;7.63;0.861;1889.76;4.015;17;Wed
2023.04.03 17:01;2023.04.03 23:00;LONG;0.10;1981.39;1972.37;1997.51;1985.01;CLOSE;36.20;9.02;0.401;1.007;0.190;359;8.38;7.63;1.098;1892.80;4.394;17;Mon
2023.04.04 17:01;2023.04.04 17:06;LONG;0.10;1998.73;1986.70;2006.32;2006.84;TP;81.10;12.03;0.674;0.674;0.081;5;6.54;7.83;0.836;1893.86;5.203;17;Tue
2023.04.05 17:03;2023.04.05 17:11;LONG;0.10;2029.76;2020.99;2045.29;2020.92;SL;-88.40;8.77;-1.008;0.094;1.008;8;8.10;7.83;1.035;1895.52;6.701;17;Wed
2023.04.11 17:04;2023.04.11 23:00;LONG;0.10;2002.77;1997.34;2012.52;2004.08;CLOSE;13.10;5.43;0.241;0.720;0.565;356;5.06;7.99;0.634;1899.85;5.345;17;Tue
2023.04.13 17:01;2023.04.13 17:36;LONG;0.10;2047.50;2039.75;2061.47;2039.69;SL;-78.10;7.75;-1.008;0.062;1.008;35;7.24;7.83;0.925;1903.20;7.527;17;Thu
2023.04.18 17:07;2023.04.18 23:00;LONG;0.10;2001.45;1991.23;2020.12;2004.17;CLOSE;27.20;10.22;0.266;1.013;0.060;353;9.63;7.37;1.308;1909.41;4.695;17;Tue
2023.04.19 17:07;2023.04.19 23:00;LONG;0.10;1995.38;1982.87;2012.93;1994.41;CLOSE;-9.70;12.51;-0.078;0.111;0.524;353;10.02;7.67;1.306;1912.17;4.101;17;Wed
2023.04.20 17:04;2023.04.20 17:54;LONG;0.10;2007.28;2002.97;2014.61;2002.94;SL;-43.40;4.31;-1.007;1.172;1.007;50;3.88;7.67;0.506;1914.61;4.645;17;Thu
2023.04.24 17:31;2023.04.24 23:00;LONG;0.10;1982.66;1974.02;1997.72;1988.74;CLOSE;60.80;8.64;0.704;0.942;0.215;329;7.90;7.67;1.030;1919.62;3.033;17;Mon
2023.04.27 17:06;2023.04.27 23:00;LONG;0.10;1984.33;1974.14;2000.51;1988.06;CLOSE;37.30;10.19;0.366;0.660;0.542;354;8.79;7.57;1.161;1927.66;2.810;17;Thu
2023.04.28 17:39;2023.04.28 23:00;LONG;0.10;1991.96;1982.39;2005.40;1989.20;CLOSE;-27.60;9.57;-0.288;0.310;0.472;321;7.67;8.00;0.959;1930.70;2.891;17;Fri
2023.05.04 17:04;2023.05.04 23:00;LONG;0.10;2046.53;2032.02;2072.16;2049.61;CLOSE;30.80;14.51;0.212;0.904;0.251;356;13.38;7.78;1.719;1944.14;5.151;17;Thu
2023.05.08 17:47;2023.05.08 23:00;LONG;0.10;2025.32;2017.81;2039.56;2020.27;CLOSE;-50.50;7.51;-0.672;0.533;0.686;313;7.25;7.78;0.931;1952.53;3.703;17;Mon
2023.05.17 17:02;2023.05.17 17:17;SHORT;0.10;1976.44;1984.28;1960.88;1984.34;SL;-79.00;7.84;-1.008;0.158;1.008;15;7.80;7.12;1.096;1978.28;-0.032;17;Wed
2023.05.19 17:48;2023.05.19 18:06;SHORT;0.10;1957.44;1961.85;1949.97;1961.85;SL;-44.10;4.41;-1.000;0.045;1.000;18;3.96;7.12;0.557;1984.53;-1.188;17;Fri
2023.05.22 17:01;2023.05.22 17:08;SHORT;0.10;1971.01;1975.95;1961.91;1975.95;SL;-49.40;4.94;-1.000;0.130;1.000;7;4.68;6.91;0.677;1987.46;-0.802;17;Mon
2023.05.24 17:01;2023.05.24 18:54;SHORT;0.10;1970.80;1975.73;1962.86;1962.35;TP;84.50;4.93;1.714;1.714;0.298;113;4.29;6.91;0.620;1990.79;-0.915;17;Wed
2023.05.30 17:02;2023.05.30 17:09;SHORT;0.10;1952.15;1956.67;1943.83;1956.81;SL;-46.60;4.52;-1.031;0.100;1.031;7;4.28;6.44;0.664;1991.95;-1.970;17;Tue
2023.05.31 17:01;2023.05.31 17:42;SHORT;0.10;1961.61;1973.64;1940.61;1973.64;SL;-120.30;12.03;-1.000;0.073;1.000;41;11.01;6.44;1.708;1991.55;-1.094;17;Wed
2023.06.02 17:24;2023.06.02 23:00;SHORT;0.10;1961.38;1976.16;1933.32;1948.71;CLOSE;126.70;14.78;0.857;0.893;0.407;336;14.28;6.44;2.216;1992.15;-1.441;17;Fri
2023.06.07 17:36;2023.06.07 23:00;SHORT;0.10;1958.18;1970.12;1934.99;1940.06;CLOSE;181.20;11.94;1.518;1.518;0.123;324;11.71;6.26;1.871;1991.04;-1.080;17;Wed
2023.06.13 17:01;2023.06.13 23:00;SHORT;0.10;1952.78;1964.29;1932.28;1943.60;CLOSE;91.80;11.51;0.798;1.096;0.273;359;10.67;7.37;1.449;1989.76;-1.791;17;Tue
2023.06.20 17:01;2023.06.20 23:00;SHORT;0.10;1930.67;1939.13;1914.59;1936.29;CLOSE;-56.20;8.46;-0.664;0.086;0.956;359;8.18;7.42;1.102;1984.31;-2.644;17;Tue
2023.06.22 17:17;2023.06.22 23:00;SHORT;0.10;1918.89;1927.36;1902.22;1914.04;CLOSE;48.50;8.47;0.573;0.700;0.192;343;8.38;7.83;1.071;1981.31;-2.986;17;Thu
2023.06.23 17:01;2023.06.23 18:33;SHORT;0.10;1930.84;1937.39;1921.34;1921.32;TP;95.20;6.55;1.453;1.453;0.366;92;5.35;8.28;0.646;1978.79;-2.355;17;Fri
2023.06.27 17:01;2023.06.27 23:00;SHORT;0.10;1919.03;1930.63;1906.99;1913.93;CLOSE;51.00;11.60;0.440;0.684;0.104;359;7.88;8.28;0.952;1975.69;-2.642;17;Tue
2023.07.05 17:13;2023.07.05 23:00;SHORT;0.10;1922.66;1932.40;1903.21;1915.98;CLOSE;66.80;9.74;0.686;0.757;0.318;347;9.73;7.68;1.268;1966.12;-2.091;17;Wed
2023.07.06 17:01;2023.07.06 23:00;SHORT;0.10;1906.62;1914.97;1897.69;1910.33;CLOSE;-37.10;8.35;-0.444;0.447;0.707;359;5.76;7.68;0.750;1964.65;-2.747;17;Thu
2023.07.13 17:10;2023.07.13 18:52;LONG;0.10;1961.32;1956.65;1967.84;1956.65;SL;-46.70;4.67;-1.000;0.118;1.000;102;3.73;6.76;0.551;1957.36;0.058;17;Thu
2023.07.14 17:01;2023.07.14 18:00;SHORT;0.10;1955.22;1960.89;1944.78;1960.93;SL;-57.10;5.67;-1.007;0.734;1.007;59;5.37;6.56;0.818;1955.57;0.227;17;Fri
2023.07.18 17:01;2023.07.18 23:00;LONG;0.10;1973.84;1963.69;1986.82;1977.67;CLOSE;38.30;10.15;0.377;1.033;0.140;359;7.71;6.22;1.239;1953.02;0.932;17;Tue
2023.07.26 17:12;2023.07.26 23:00;LONG;0.10;1968.99;1963.88;1978.43;1974.76;CLOSE;57.70;5.11;1.129;1.818;0.935;348;4.85;5.33;0.911;1947.23;0.995;17;Wed
2023.07.27 17:19;2023.07.27 23:00;SHORT;0.10;1943.08;1956.62;1916.48;1944.36;CLOSE;-12.80;13.54;-0.095;0.024;0.503;341;13.38;5.28;2.534;1947.03;-0.093;17;Thu
2023.07.28 17:07;2023.07.28 23:00;LONG;0.10;1958.34;1952.57;1968.83;1959.06;CLOSE;7.20;5.77;0.125;0.887;0.177;353;5.42;5.28;1.027;1946.80;0.465;17;Fri
2023.08.01 17:01;2023.08.01 17:31;LONG;0.10;1952.15;1944.39;1957.38;1944.39;SL;-77.60;7.76;-1.000;0.137;1.000;30;4.33;5.40;0.803;1946.30;0.075;17;Tue
2023.08.02 17:01;2023.08.02 17:18;SHORT;0.10;1943.57;1947.61;1937.50;1937.48;TP;60.90;4.04;1.507;1.507;0.327;17;3.37;5.40;0.625;1945.68;-0.031;17;Wed
2023.08.04 17:06;2023.08.04 23:00;SHORT;0.10;1941.36;1946.83;1931.68;1941.54;CLOSE;-1.80;5.47;-0.033;0.665;0.521;354;5.05;5.33;0.948;1945.08;-0.089;17;Fri
2023.08.07 17:01;2023.08.07 23:00;SHORT;0.10;1932.01;1940.84;1919.09;1936.77;CLOSE;-47.60;8.83;-0.539;0.044;0.655;359;7.25;5.26;1.377;1944.99;-0.583;17;Mon
2023.08.10 17:11;2023.08.10 23:00;SHORT;0.10;1918.79;1925.21;1906.07;1913.45;CLOSE;53.40;6.42;0.832;0.900;0.480;349;6.38;5.26;1.212;1943.22;-1.055;17;Thu
2023.08.17 17:02;2023.08.17 23:00;SHORT;0.10;1895.60;1902.37;1882.27;1889.27;CLOSE;63.30;6.77;0.935;1.536;0.329;358;6.70;5.15;1.301;1937.93;-2.168;17;Thu
2023.08.21 17:16;2023.08.21 23:00;SHORT;0.10;1888.45;1895.91;1873.83;1894.45;CLOSE;-60.00;7.46;-0.804;0.401;0.952;344;7.36;5.15;1.429;1934.98;-2.325;17;Mon
2023.08.31 17:05;2023.08.31 18:36;LONG;0.10;1944.80;1940.30;1952.96;1940.27;SL;-45.30;4.50;-1.007;0.058;1.007;91;4.22;5.09;0.828;1930.19;0.698;17;Thu
2023.09.05 17:05;2023.09.05 23:00;SHORT;0.10;1926.41;1933.71;1912.71;1925.99;CLOSE;4.20;7.30;0.058;0.123;0.375;355;7.00;4.84;1.445;1931.39;-0.189;17;Tue
2023.09.06 17:02;2023.09.06 23:00;SHORT;0.10;1920.95;1929.11;1905.02;1916.87;CLOSE;40.80;8.16;0.500;0.676;0.335;358;8.03;4.99;1.608;1931.64;-0.193;17;Wed
2023.09.07 17:17;2023.09.07 23:00;SHORT;0.10;1917.86;1922.33;1909.70;1918.91;CLOSE;-10.50;4.47;-0.235;0.114;0.852;343;4.21;5.37;0.784;1931.82;-0.614;17;Thu
2023.09.11 17:31;2023.09.11 23:00;SHORT;0.10;1922.84;1930.05;1912.86;1922.89;CLOSE;-0.50;7.21;-0.007;0.180;0.333;329;5.73;5.37;1.067;1932.05;-0.322;17;Mon
2023.09.13 17:06;2023.09.13 23:00;SHORT;0.10;1911.55;1915.68;1903.71;1908.95;CLOSE;26.00;4.13;0.630;0.787;0.801;354;3.99;5.67;0.704;1931.82;-0.957;17;Wed
2023.09.14 17:02;2023.09.14 17:34;SHORT;0.10;1901.89;1907.01;1891.71;1907.04;SL;-51.50;5.12;-1.006;0.150;1.006;32;5.10;5.67;0.900;1931.67;-1.480;17;Thu
2023.09.18 17:02;2023.09.18 17:23;SHORT;0.10;1923.11;1927.69;1914.82;1927.72;SL;-46.10;4.58;-1.007;0.037;1.007;21;4.29;5.12;0.838;1931.64;-0.396;17;Mon
2023.09.20 17:11;2023.09.20 22:58;LONG;0.10;1944.01;1933.07;1964.09;1933.06;SL;-109.50;10.94;-1.001;0.307;1.001;347;10.34;4.82;2.147;1931.79;0.458;17;Wed
2023.09.25 17:09;2023.09.25 23:00;SHORT;0.10;1921.70;1926.27;1914.18;1915.66;CLOSE;60.40;4.57;1.322;1.394;0.350;351;4.03;4.54;0.889;1929.84;-0.238;17;Mon
2023.09.27 17:53;2023.09.27 20:29;SHORT;0.10;1883.90;1889.89;1873.51;1873.45;TP;104.50;5.99;1.745;1.745;0.326;156;5.46;4.22;1.295;1927.49;-2.058;17;Wed
2023.09.28 17:32;2023.09.28 18:16;SHORT;0.10;1870.56;1877.09;1859.57;1859.56;TP;110.00;6.53;1.685;1.685;0.205;44;5.84;4.22;1.386;1925.46;-2.726;17;Thu
2023.09.29 17:03;2023.09.29 18:03;SHORT;0.10;1868.81;1876.07;1858.43;1858.37;TP;104.40;7.26;1.438;1.438;0.069;60;5.88;4.25;1.384;1923.36;-2.756;17;Fri
2023.10.02 17:07;2023.10.02 23:00;SHORT;0.10;1831.88;1837.58;1821.68;1829.56;CLOSE;23.20;5.70;0.407;0.805;0.511;353;5.30;4.25;1.247;1921.10;-4.546;17;Mon
2023.10.03 17:01;2023.10.03 17:35;SHORT;0.10;1822.66;1831.27;1807.12;1831.62;SL;-89.60;8.61;-1.041;0.373;1.041;34;8.05;4.69;1.715;1918.57;-4.679;17;Tue
2023.10.04 17:09;2023.10.04 18:18;SHORT;0.10;1817.67;1825.01;1803.11;1825.02;SL;-73.50;7.34;-1.001;0.020;1.001;69;7.30;4.69;1.555;1915.73;-4.982;17;Wed
2023.10.05 17:08;2023.10.05 23:00;SHORT;0.10;1817.43;1821.84;1809.00;1820.52;CLOSE;-30.90;4.41;-0.701;0.651;0.875;352;4.28;4.69;0.912;1912.71;-4.812;17;Thu
2023.10.12 17:34;2023.10.12 23:00;SHORT;0.10;1871.99;1878.23;1862.06;1868.52;CLOSE;34.70;6.24;0.556;0.630;0.463;326;5.39;4.28;1.258;1902.70;-1.517;17;Thu
2023.10.13 17:11;2023.10.13 19:15;LONG;0.10;1913.82;1905.57;1926.15;1926.19;TP;123.70;8.25;1.499;1.499;0.230;124;6.86;4.28;1.601;1901.40;0.482;17;Fri
2023.10.16 18:14;2023.10.16 23:00;LONG;0.10;1921.41;1914.40;1934.74;1918.95;CLOSE;-24.60;7.01;-0.351;0.185;0.508;286;6.78;4.79;1.414;1901.19;0.880;18;Mon
2023.10.20 17:01;2023.10.20 20:18;LONG;0.10;1988.36;1977.43;2009.08;1977.36;SL;-110.00;10.93;-1.006;0.801;1.006;197;10.55;5.65;1.867;1902.72;4.432;17;Fri
2023.10.23 18:12;2023.10.23 23:00;LONG;0.10;1978.87;1970.07;1995.87;1973.13;CLOSE;-57.40;8.80;-0.652;0.049;0.886;288;8.60;5.86;1.468;1904.07;3.710;18;Mon
2023.10.27 17:10;2023.10.27 18:54;LONG;0.10;1985.63;1978.70;1997.72;1978.70;SL;-69.30;6.93;-1.000;0.000;1.000;104;6.34;6.70;0.946;1910.43;3.795;17;Fri
2023.10.30 17:19;2023.10.30 17:38;LONG;0.10;2001.29;1995.95;2011.01;1995.95;SL;-53.40;5.34;-1.000;0.212;1.000;19;5.02;6.70;0.749;1912.76;4.483;17;Mon
2023.10.31 17:14;2023.10.31 18:11;LONG;0.10;2005.63;1994.52;2023.02;1994.51;SL;-111.20;11.11;-1.001;0.205;1.001;57;9.50;6.70;1.417;1914.76;4.580;17;Tue
2023.11.01 17:01;2023.11.01 18:37;LONG;0.10;1990.18;1981.05;1996.35;1981.03;SL;-91.50;9.13;-1.002;0.199;1.002;96;5.10;6.70;0.761;1916.49;3.607;17;Wed
2023.11.09 17:13;2023.11.09 23:00;LONG;0.10;1959.69;1950.75;1974.75;1957.24;CLOSE;-24.50;8.94;-0.274;0.653;0.400;347;8.00;6.68;1.197;1922.72;1.839;17;Thu
2023.11.16 17:16;2023.11.16 23:00;LONG;0.10;1983.92;1971.65;2004.68;1980.81;CLOSE;-31.10;12.27;-0.253;0.326;0.313;344;11.01;6.50;1.693;1924.81;2.852;17;Thu
2023.11.20 18:05;2023.11.20 23:00;LONG;0.10;1973.21;1965.42;1987.92;1977.77;CLOSE;45.60;7.79;0.585;0.732;0.107;295;7.50;6.60;1.137;1927.28;2.224;18;Mon
2023.11.21 17:01;2023.11.21 18:22;LONG;0.10;2007.57;2001.32;2019.08;2001.32;SL;-62.50;6.25;-1.000;0.000;1.000;81;5.92;6.60;0.898;1928.39;3.989;17;Tue
2023.11.24 17:04;2023.11.24 17:30;LONG;0.10;2003.31;1999.44;2010.24;1999.40;SL;-39.10;3.87;-1.010;0.000;1.010;26;3.60;6.35;0.566;1933.37;3.503;17;Fri
2023.11.28 17:40;2023.11.28 18:46;LONG;0.10;2029.14;2022.65;2039.90;2039.93;TP;107.90;6.49;1.663;1.663;0.089;66;5.75;6.14;0.936;1936.53;4.622;17;Tue
2023.11.29 17:01;2023.11.29 17:10;LONG;0.10;2046.36;2040.09;2056.53;2040.06;SL;-63.00;6.27;-1.005;0.089;1.005;9;5.48;5.84;0.939;1938.72;5.443;17;Wed
2023.11.30 17:37;2023.11.30 23:00;LONG;0.10;2038.25;2031.46;2050.96;2036.17;CLOSE;-20.80;6.79;-0.306;0.448;0.685;323;6.50;5.84;1.114;1941.00;4.919;17;Thu
2023.12.01 17:01;2023.12.01 18:47;LONG;0.10;2043.74;2035.41;2059.08;2059.15;TP;154.10;8.33;1.850;1.850;0.029;106;7.89;6.14;1.284;1943.33;5.099;17;Fri
2023.12.04 17:01;2023.12.04 17:22;LONG;0.10;2051.23;2043.32;2065.16;2043.24;SL;-79.90;7.91;-1.010;0.265;1.010;21;7.28;6.14;1.185;1946.26;5.332;17;Mon
2023.12.05 17:05;2023.12.05 17:35;LONG;0.10;2026.34;2015.43;2045.79;2015.41;SL;-109.30;10.91;-1.002;0.000;1.002;30;10.12;6.43;1.573;1948.53;3.491;17;Tue
2023.12.08 17:01;2023.12.08 18:12;LONG;0.10;2011.92;2004.28;2023.87;2004.22;SL;-77.00;7.64;-1.008;0.378;1.008;71;6.53;6.53;1.000;1957.19;2.632;17;Fri
2023.12.15 17:14;2023.12.15 20:15;LONG;0.10;2035.90;2031.37;2042.44;2031.33;SL;-45.70;4.53;-1.009;0.587;1.009;181;3.69;6.21;0.594;1974.96;2.951;17;Fri
2023.12.19 17:06;2023.12.19 23:00;LONG;0.10;2042.53;2029.81;2066.86;2040.21;CLOSE;-23.20;12.72;-0.182;0.347;0.461;354;12.35;5.62;2.199;1982.03;2.995;17;Tue
2023.12.22 17:07;2023.12.22 17:24;LONG;0.10;2070.37;2065.04;2080.01;2065.04;SL;-53.30;5.33;-1.000;0.026;1.000;17;4.99;5.62;0.889;1992.30;3.817;17;Fri
2023.12.27 17:13;2023.12.27 17:39;LONG;0.10;2071.92;2066.63;2081.57;2081.64;TP;97.20;5.29;1.837;1.837;0.064;26;4.98;5.62;0.887;1994.72;3.783;17;Wed
2023.12.28 17:02;2023.12.28 19:06;LONG;0.10;2079.95;2072.74;2092.69;2072.74;SL;-72.10;7.21;-1.000;0.160;1.000;124;6.65;5.62;1.184;1997.87;4.054;17;Thu
2023.12.29 17:34;2023.12.29 23:00;LONG;0.10;2066.23;2058.44;2078.99;2063.15;CLOSE;-30.80;7.79;-0.395;0.239;0.659;326;6.85;5.99;1.144;2000.72;3.111;17;Fri
2024.01.03 17:01;2024.01.03 18:01;LONG;0.10;2042.19;2031.71;2055.47;2031.70;SL;-104.90;10.48;-1.001;0.622;1.001;60;7.92;6.59;1.202;2004.72;1.648;17;Wed
2024.01.04 17:02;2024.01.04 23:00;LONG;0.10;2041.84;2036.19;2050.02;2043.17;CLOSE;13.30;5.65;0.235;1.041;0.301;358;4.61;6.59;0.700;2005.93;1.664;17;Thu
2024.01.05 17:01;2024.01.05 19:10;LONG;0.10;2052.68;2041.66;2064.28;2041.66;SL;-110.20;11.02;-1.000;1.023;1.000;129;7.54;5.76;1.309;2007.35;1.960;17;Fri
2024.01.08 17:07;2024.01.08 23:00;LONG;0.10;2028.41;2019.17;2043.17;2027.13;CLOSE;-12.80;9.24;-0.139;0.911;0.253;353;8.00;5.76;1.389;2008.84;0.872;17;Mon
2024.01.17 17:01;2024.01.17 23:00;SHORT;0.10;2010.92;2022.78;1988.70;2006.21;CLOSE;47.10;11.86;0.397;0.769;0.267;359;11.36;6.13;1.855;2015.35;-0.159;17;Wed
2024.01.22 17:14;2024.01.22 23:00;LONG;0.10;2024.31;2016.54;2038.80;2020.78;CLOSE;-35.30;7.77;-0.454;0.287;0.676;346;7.42;6.19;1.200;2017.73;0.243;17;Mon
2024.01.23 17:08;2024.01.23 23:00;LONG;0.10;2026.17;2021.36;2033.81;2028.60;CLOSE;24.30;4.81;0.505;0.931;0.746;352;4.15;6.75;0.615;2019.17;0.195;17;Tue
2024.01.24 17:04;2024.01.24 23:00;SHORT;0.10;2020.42;2033.20;2001.88;2012.38;CLOSE;80.40;12.78;0.629;0.721;0.326;356;10.44;6.75;1.547;2020.58;0.199;17;Wed
2024.01.25 17:31;2024.01.25 23:00;SHORT;0.10;2019.13;2025.30;2007.78;2020.13;CLOSE;-10.00;6.17;-0.162;1.053;0.408;329;5.84;6.99;0.835;2022.10;0.070;17;Thu
2024.01.26 17:02;2024.01.26 23:00;SHORT;0.10;2018.90;2022.58;2011.96;2018.54;CLOSE;3.60;3.68;0.098;0.785;0.155;358;3.54;6.99;0.506;2023.59;-0.165;17;Fri
2024.01.29 17:26;2024.01.29 22:18;SHORT;0.10;2021.35;2032.89;1998.90;2032.89;SL;-115.40;11.54;-1.000;0.068;1.000;292;11.33;6.99;1.621;2024.69;0.000;17;Mon
2024.01.31 17:17;2024.01.31 21:00;LONG;0.10;2055.61;2044.11;2077.50;2044.09;SL;-115.20;11.50;-1.002;0.025;1.002;223;11.13;6.48;1.716;2027.28;1.197;17;Wed
2024.02.02 18:03;2024.02.02 23:00;LONG;0.10;2036.57;2027.83;2052.49;2036.06;CLOSE;-5.10;8.74;-0.058;0.247;0.398;297;8.22;6.48;1.268;2030.00;0.261;18;Fri
2024.02.05 17:41;2024.02.05 19:30;SHORT;0.10;2016.89;2023.64;2003.84;2023.65;SL;-67.60;6.75;-1.001;0.199;1.001;109;6.60;6.48;1.018;2030.83;-0.355;17;Mon
2024.02.06 17:10;2024.02.06 23:00;LONG;0.10;2034.17;2026.85;2045.45;2035.67;CLOSE;15.00;7.32;0.205;0.637;0.292;350;6.20;6.22;0.997;2031.53;-0.045;17;Tue
2024.02.12 17:53;2024.02.12 19:52;SHORT;0.10;2012.81;2018.57;2002.46;2018.61;SL;-58.00;5.76;-1.007;0.156;1.007;119;5.37;6.02;0.892;2033.14;-0.897;17;Mon
2024.02.13 17:06;2024.02.13 23:00;SHORT;0.10;1990.93;2001.33;1974.66;1992.75;CLOSE;-18.20;10.40;-0.175;0.075;0.667;354;8.89;6.02;1.477;2032.65;-1.818;17;Tue
2024.02.14 17:02;2024.02.14 18:30;SHORT;0.10;1985.68;1992.22;1974.22;1992.22;SL;-65.40;6.54;-1.000;0.222;1.000;88;6.00;6.23;0.964;2031.79;-2.185;17;Wed
2024.02.15 17:39;2024.02.15 23:00;SHORT;0.10;2001.02;2008.24;1989.58;2004.48;CLOSE;-34.60;7.22;-0.479;0.355;0.766;321;6.22;6.10;1.020;2030.20;-1.304;17;Thu
2024.02.20 17:26;2024.02.20 21:53;LONG;0.10;2029.71;2025.45;2037.54;2025.45;SL;-42.60;4.26;-1.000;0.066;1.000;267;4.03;6.10;0.661;2029.44;-0.066;17;Tue
2024.02.22 17:11;2024.02.22 23:00;SHORT;0.10;2021.34;2026.08;2013.42;2024.75;CLOSE;-34.10;4.74;-0.719;0.359;0.730;349;4.22;5.92;0.713;2029.79;-0.243;17;Thu
2024.02.26 17:20;2024.02.26 17:53;SHORT;0.10;2025.59;2029.08;2018.94;2029.08;SL;-34.90;3.49;-1.000;0.155;1.000;33;3.38;5.68;0.595;2031.76;-0.209;17;Mon
2024.02.28 17:21;2024.02.28 17:32;SHORT;0.10;2030.54;2034.01;2025.16;2034.01;SL;-34.70;3.47;-1.000;0.000;1.000;11;2.95;5.25;0.562;2031.71;0.001;17;Wed
2024.02.29 17:06;2024.02.29 18:14;LONG;0.10;2050.55;2045.93;2058.89;2045.92;SL;-46.30;4.62;-1.002;0.026;1.002;68;4.32;5.12;0.844;2032.00;0.773;17;Thu
2024.03.01 17:14;2024.03.01 18:10;LONG;0.10;2055.07;2045.57;2073.23;2073.23;TP;181.60;9.50;1.912;1.912;0.016;56;9.22;4.81;1.919;2032.34;0.688;17;Fri
2024.03.04 17:24;2024.03.04 18:34;LONG;0.10;2102.70;2093.52;2117.16;2117.17;TP;144.70;9.18;1.576;1.576;0.253;70;7.88;4.81;1.640;2033.20;3.323;17;Mon
2024.03.05 17:01;2024.03.05 17:53;LONG;0.10;2137.64;2124.98;2149.76;2124.97;SL;-126.70;12.66;-1.001;0.152;1.001;52;8.26;4.81;1.719;2034.87;4.583;17;Tue
2024.03.07 17:12;2024.03.07 23:00;LONG;0.10;2156.42;2147.94;2173.20;2158.60;CLOSE;21.80;8.48;0.257;0.524;0.844;348;8.42;4.81;1.752;2038.41;5.672;17;Thu
2024.03.08 17:35;2024.03.08 19:17;LONG;0.10;2173.69;2164.55;2191.85;2191.88;TP;181.90;9.14;1.990;1.990;0.153;102;9.10;4.81;1.894;2040.05;6.409;17;Fri
2024.03.13 18:17;2024.03.13 23:00;LONG;0.10;2171.86;2163.46;2187.73;2172.53;CLOSE;6.70;8.40;0.080;0.949;0.279;283;8.09;5.57;1.454;2046.70;5.828;18;Wed
2024.03.15 17:01;2024.03.15 20:31;LONG;0.10;2161.80;2156.50;2171.83;2156.50;SL;-53.00;5.30;-1.000;0.913;1.000;210;5.11;5.70;0.896;2051.73;5.283;17;Fri
2024.03.20 17:02;2024.03.20 21:07;LONG;0.10;2161.14;2150.43;2175.00;2175.00;TP;138.60;10.71;1.294;1.294;0.613;245;8.19;5.84;1.402;2059.13;4.796;17;Wed
2024.03.27 17:05;2024.03.27 23:00;LONG;0.10;2193.59;2185.43;2209.40;2193.36;CLOSE;-2.30;8.16;-0.028;0.196;0.641;355;7.99;8.14;0.982;2073.09;5.801;17;Wed
2024.03.28 17:49;2024.03.28 23:00;LONG;0.10;2213.36;2202.21;2227.98;2221.81;CLOSE;84.50;11.15;0.758;1.089;0.201;311;8.59;8.14;1.055;2076.86;6.246;17;Thu
2024.04.02 17:04;2024.04.02 17:56;LONG;0.10;2271.87;2257.76;2284.82;2257.73;SL;-141.40;14.11;-1.002;0.360;1.002;52;9.02;8.22;1.097;2085.49;8.618;17;Tue
2024.04.03 17:01;2024.04.03 18:36;LONG;0.10;2279.65;2271.64;2287.48;2287.49;TP;78.40;8.01;0.979;0.979;0.689;95;5.28;8.28;0.637;2090.66;8.806;17;Wed
2024.04.04 17:01;2024.04.04 21:20;LONG;0.10;2290.39;2284.82;2300.96;2300.96;TP;105.70;5.57;1.898;1.898;0.729;259;5.38;8.25;0.652;2096.08;9.134;17;Thu
2024.04.05 17:15;2024.04.05 18:20;LONG;0.10;2303.95;2292.35;2326.13;2326.13;TP;221.80;11.60;1.912;1.912;0.377;65;11.26;8.14;1.383;2101.62;9.428;17;Fri
2024.04.09 17:13;2024.04.09 17:39;LONG;0.10;2361.63;2352.86;2377.34;2352.86;SL;-87.70;8.77;-1.000;0.303;1.000;26;8.16;8.14;1.002;2114.20;11.407;17;Tue
2024.04.10 17:07;2024.04.10 23:00;LONG;0.10;2335.94;2319.37;2368.66;2329.65;CLOSE;-62.90;16.57;-0.380;0.990;0.609;353;16.43;8.17;2.010;2120.58;10.061;17;Wed
2024.04.12 17:08;2024.04.12 18:30;LONG;0.10;2406.83;2393.44;2432.62;2393.43;SL;-134.00;13.39;-1.001;1.839;1.001;82;13.06;8.17;1.598;2133.18;12.696;17;Fri
2024.04.19 17:18;2024.04.19 23:00;LONG;0.10;2387.80;2377.56;2405.31;2388.00;CLOSE;2.00;10.24;0.020;1.382;0.183;342;9.25;8.94;1.035;2166.32;9.798;17;Fri
2024.04.22 17:30;2024.04.22 19:21;LONG;0.10;2340.41;2331.17;2358.59;2331.16;SL;-92.50;9.24;-1.001;0.364;1.001;111;9.14;8.94;1.022;2173.45;7.594;17;Mon
2024.04.23 17:08;2024.04.23 23:00;LONG;0.10;2331.07;2310.60;2370.93;2322.30;CLOSE;-87.70;20.47;-0.428;0.048;0.810;352;20.11;9.08;2.215;2179.49;6.875;17;Tue
2024.04.24 17:40;2024.04.24 23:00;LONG;0.10;2326.22;2316.23;2345.78;2318.93;CLOSE;-72.90;9.99;-0.730;1.105;0.849;320;9.85;9.19;1.071;2185.53;6.210;17;Wed
2024.04.25 17:25;2024.04.25 17:40;LONG;0.10;2325.30;2315.51;2343.80;2343.81;TP;185.10;9.79;1.891;1.891;0.155;15;9.43;9.19;1.026;2191.98;5.790;17;Thu
2024.04.29 17:06;2024.04.29 23:00;LONG;0.10;2336.85;2325.54;2358.81;2335.69;CLOSE;-11.60;11.31;-0.103;0.873;0.361;354;11.09;9.34;1.187;2205.45;5.824;17;Mon
2024.05.02 17:20;2024.05.02 23:00;LONG;0.10;2297.43;2285.44;2316.34;2302.96;CLOSE;55.30;11.99;0.461;1.001;0.236;340;10.30;9.64;1.068;2223.13;3.078;17;Thu
2024.05.07 17:20;2024.05.07 17:57;LONG;0.10;2322.03;2316.70;2331.82;2316.67;SL;-53.60;5.33;-1.006;0.008;1.006;37;5.04;9.88;0.510;2240.00;3.503;17;Tue
2024.05.08 17:14;2024.05.08 23:00;LONG;0.10;2312.80;2307.21;2323.56;2308.14;CLOSE;-46.60;5.59;-0.834;1.469;0.860;346;5.45;9.88;0.551;2245.65;2.866;17;Wed
2024.05.09 17:02;2024.05.09 22:39;LONG;0.10;2325.87;2317.37;2340.44;2340.45;TP;145.80;8.50;1.715;1.715;0.167;337;7.69;9.74;0.790;2251.20;3.247;17;Thu
2024.05.10 17:02;2024.05.10 17:22;LONG;0.10;2369.29;2363.59;2379.97;2363.56;SL;-57.30;5.70;-1.005;0.656;1.005;20;5.46;9.74;0.561;2257.43;4.861;17;Fri
2024.05.14 17:02;2024.05.14 23:00;LONG;0.10;2355.34;2344.91;2375.63;2356.55;CLOSE;12.10;10.43;0.116;0.414;0.858;358;10.24;9.34;1.096;2268.82;3.750;17;Tue
2024.05.15 17:44;2024.05.15 23:00;LONG;0.10;2370.59;2351.78;2407.67;2386.61;CLOSE;160.20;18.81;0.852;1.044;0.198;316;18.63;9.34;1.995;2273.69;3.712;17;Wed
2024.05.17 17:26;2024.05.17 18:05;LONG;0.10;2405.02;2395.87;2418.82;2418.83;TP;138.10;9.15;1.509;1.509;0.200;39;7.65;9.34;0.819;2283.42;5.176;17;Fri
2024.05.20 17:01;2024.05.20 23:00;LONG;0.10;2421.34;2410.34;2442.17;2426.69;CLOSE;53.50;11.00;0.486;1.454;0.602;359;10.61;9.28;1.143;2288.50;5.753;17;Mon
2024.05.21 18:03;2024.05.21 18:43;LONG;0.10;2430.93;2424.70;2442.94;2424.70;SL;-62.30;6.23;-1.000;0.474;1.000;40;6.08;9.53;0.638;2293.44;5.854;18;Tue
2024.05.27 17:26;2024.05.28 09:03;LONG;0.10;2357.09;2348.75;2373.38;2348.75;SL;-89.79;8.34;-1.000;0.168;1.000;937;8.21;8.76;0.937;2309.10;1.983;17;Mon
2024.05.30 17:01;2024.05.30 18:17;LONG;0.10;2350.44;2342.63;2360.78;2342.63;SL;-78.10;7.81;-1.000;0.178;1.000;76;6.05;8.05;0.751;2320.63;1.209;17;Thu
2024.06.03 17:01;2024.06.03 20:01;LONG;0.10;2341.07;2329.85;2350.43;2350.44;TP;93.70;11.22;0.835;0.835;0.500;180;6.86;7.79;0.880;2326.70;0.290;17;Mon
2024.06.04 17:14;2024.06.04 23:00;SHORT;0.10;2321.81;2337.29;2292.02;2327.29;CLOSE;-54.80;15.48;-0.354;0.351;0.553;346;15.09;7.67;1.967;2330.40;-0.254;17;Tue
2024.06.12 17:06;2024.06.12 23:00;SHORT;0.10;2322.54;2340.97;2293.03;2321.39;CLOSE;11.50;18.43;0.062;0.356;0.930;354;15.98;7.69;2.079;2343.78;-0.595;17;Wed
2024.06.13 17:07;2024.06.13 23:00;SHORT;0.10;2307.85;2324.73;2275.71;2303.54;CLOSE;43.10;16.88;0.255;0.719;0.553;353;16.34;7.69;2.126;2344.26;-1.431;17;Thu
2024.06.17 17:09;2024.06.17 17:29;SHORT;0.10;2319.05;2325.74;2305.76;2325.75;SL;-67.00;6.69;-1.001;0.000;1.001;20;6.66;8.45;0.789;2344.58;-1.008;17;Mon
2024.06.20 17:01;2024.06.20 23:00;LONG;0.10;2349.78;2337.50;2373.29;2358.91;CLOSE;91.30;12.28;0.743;1.277;0.011;359;11.93;8.45;1.413;2343.60;0.243;17;Thu
2024.06.21 17:05;2024.06.21 23:00;SHORT;0.10;2333.89;2356.01;2292.26;2322.26;CLOSE;116.30;22.12;0.526;0.769;0.221;355;21.25;8.45;2.516;2343.36;-0.118;17;Fri
2024.06.24 17:01;2024.06.24 21:15;SHORT;0.10;2327.16;2333.87;2316.11;2333.88;SL;-67.20;6.71;-1.001;0.024;1.001;254;5.92;8.45;0.701;2342.90;-0.635;17;Mon
2024.07.01 17:21;2024.07.01 23:00;SHORT;0.10;2325.02;2334.12;2308.44;2331.20;CLOSE;-61.80;9.10;-0.679;0.615;0.762;339;8.56;7.13;1.201;2337.12;-0.432;17;Mon
2024.07.02 17:10;2024.07.02 23:00;SHORT;0.10;2324.66;2336.79;2307.78;2331.02;CLOSE;-63.60;12.13;-0.524;0.293;0.561;350;9.67;7.56;1.280;2337.22;-0.120;17;Tue
2024.07.03 17:01;2024.07.03 23:00;LONG;0.10;2360.34;2349.61;2376.94;2354.30;CLOSE;-60.40;10.73;-0.563;0.427;0.618;359;9.11;7.56;1.206;2337.37;0.777;17;Wed
2024.07.05 18:19;2024.07.05 23:00;LONG;0.10;2385.46;2374.33;2406.76;2388.72;CLOSE;32.60;11.13;0.293;0.668;0.261;281;10.81;7.61;1.420;2338.65;1.905;18;Fri
2024.07.08 17:04;2024.07.08 18:25;LONG;0.10;2377.48;2370.34;2390.56;2370.32;SL;-71.60;7.14;-1.003;0.284;1.003;81;6.74;7.61;0.886;2339.72;1.533;17;Mon
2024.07.11 17:06;2024.07.11 23:00;LONG;0.10;2409.38;2395.84;2436.01;2414.13;CLOSE;47.50;13.54;0.351;1.119;0.373;354;13.39;7.61;1.760;2342.81;2.724;17;Thu
2024.07.12 17:02;2024.07.12 20:50;LONG;0.10;2405.95;2399.49;2417.43;2417.45;TP;115.00;6.46;1.780;1.780;0.125;228;5.98;7.61;0.786;2345.04;2.486;17;Fri
2024.07.15 17:08;2024.07.15 18:06;LONG;0.10;2420.31;2411.83;2434.15;2434.15;TP;138.40;8.48;1.632;1.632;0.118;58;7.44;6.70;1.110;2347.23;3.060;17;Mon
2024.07.16 17:33;2024.07.16 23:00;LONG;0.10;2448.46;2436.60;2470.65;2468.52;CLOSE;200.60;11.86;1.691;1.705;0.211;327;11.35;7.09;1.601;2349.20;3.981;17;Tue
2024.07.18 17:02;2024.07.18 19:03;LONG;0.10;2465.94;2457.59;2481.20;2457.59;SL;-83.50;8.35;-1.000;0.467;1.000;121;7.87;7.96;0.989;2355.31;4.661;17;Thu
2024.07.19 18:11;2024.07.19 23:00;LONG;0.10;2408.51;2394.69;2430.48;2398.62;CLOSE;-98.90;13.82;-0.716;0.000;0.931;289;11.93;7.65;1.558;2357.29;1.971;18;Fri
2024.07.23 17:33;2024.07.23 23:00;LONG;0.10;2406.32;2399.56;2417.29;2407.45;CLOSE;11.30;6.76;0.167;0.396;0.627;327;5.91;7.71;0.767;2359.29;1.805;17;Tue
2024.07.24 17:06;2024.07.24 20:05;LONG;0.10;2427.22;2416.81;2446.27;2416.81;SL;-104.10;10.41;-1.000;0.457;1.000;179;9.82;7.71;1.274;2360.33;2.590;17;Wed
2024.07.26 17:01;2024.07.26 23:00;LONG;0.10;2383.46;2376.48;2396.52;2386.35;CLOSE;28.90;6.98;0.414;1.046;0.507;359;6.68;8.52;0.784;2360.29;0.897;17;Fri
2024.07.31 17:01;2024.07.31 17:52;LONG;0.10;2427.71;2419.81;2442.91;2419.80;SL;-79.10;7.90;-1.001;0.162;1.001;51;7.70;7.71;0.999;2358.72;2.856;17;Wed
2024.08.01 17:01;2024.08.01 17:09;LONG;0.10;2459.26;2448.90;2474.13;2448.89;SL;-103.70;10.36;-1.001;0.287;1.001;8;8.41;7.63;1.103;2360.11;3.951;17;Thu
2024.08.02 17:04;2024.08.02 17:30;LONG;0.10;2473.13;2462.65;2488.78;2462.63;SL;-105.00;10.48;-1.002;0.113;1.002;26;8.71;7.79;1.119;2362.47;4.545;17;Fri
2024.08.05 18:01;2024.08.05 23:00;LONG;0.10;2399.06;2382.42;2425.71;2407.63;CLOSE;85.70;16.64;0.515;0.835;0.011;299;14.43;7.79;1.854;2364.63;1.218;18;Mon
2024.08.06 17:05;2024.08.06 17:29;LONG;0.10;2399.69;2390.33;2415.77;2390.33;SL;-93.60;9.36;-1.000;0.362;1.000;24;8.48;8.14;1.042;2365.81;1.262;17;Tue
2024.08.08 17:11;2024.08.08 23:00;LONG;0.10;2419.64;2407.77;2430.63;2423.52;CLOSE;38.80;11.87;0.327;0.558;0.647;349;7.62;8.14;0.936;2367.27;1.978;17;Thu
2024.08.09 17:31;2024.08.09 23:00;LONG;0.10;2434.76;2421.03;2457.27;2429.25;CLOSE;-55.10;13.73;-0.401;0.164;0.675;329;12.08;7.81;1.546;2368.96;2.435;17;Fri
2024.08.15 17:29;2024.08.15 23:00;LONG;0.10;2451.96;2435.99;2482.40;2455.50;CLOSE;35.40;15.97;0.222;0.604;0.092;331;15.47;8.44;1.832;2378.10;2.790;17;Thu
2024.08.19 17:01;2024.08.19 23:00;LONG;0.10;2496.44;2485.57;2516.32;2505.45;CLOSE;90.10;10.87;0.829;1.012;0.236;359;10.25;8.58;1.195;2383.98;4.646;17;Mon
2024.08.23 17:01;2024.08.23 17:05;LONG;0.10;2507.27;2494.40;2511.77;2511.77;TP;45.00;12.87;0.350;0.350;0.211;4;5.79;9.27;0.625;2399.18;4.129;17;Fri
2024.08.27 17:13;2024.08.27 23:00;LONG;0.10;2515.23;2505.74;2533.61;2525.01;CLOSE;97.80;9.49;1.031;1.126;0.565;347;9.29;9.94;0.935;2406.77;4.347;17;Tue
2024.08.29 17:02;2024.08.29 23:00;LONG;0.10;2520.24;2510.16;2537.22;2521.09;CLOSE;8.50;10.08;0.084;0.836;0.578;358;9.02;10.15;0.889;2414.19;4.250;17;Thu
2024.09.04 17:01;2024.09.04 23:00;LONG;0.10;2495.01;2482.03;2506.09;2493.36;CLOSE;-16.50;12.98;-0.127;0.401;0.512;359;8.02;10.15;0.791;2427.84;2.354;17;Wed
2024.09.12 17:47;2024.09.12 23:00;LONG;0.10;2553.96;2537.33;2580.26;2557.88;CLOSE;39.20;16.63;0.236;0.305;0.547;313;14.31;9.43;1.517;2449.35;3.921;17;Thu
2024.09.17 17:12;2024.09.17 17:42;LONG;0.10;2580.05;2573.04;2592.45;2573.04;SL;-70.10;7.01;-1.000;0.304;1.000;30;6.47;8.89;0.727;2461.62;4.555;17;Tue
2024.09.19 17:33;2024.09.19 23:00;LONG;0.10;2581.78;2569.72;2604.22;2588.33;CLOSE;65.50;12.06;0.543;0.901;0.131;327;11.50;8.44;1.362;2469.49;4.284;17;Thu
2024.09.20 17:17;2024.09.20 23:00;LONG;0.10;2611.89;2602.60;2629.57;2621.08;CLOSE;91.90;9.29;0.989;1.490;0.520;343;8.99;8.44;1.065;2472.91;5.407;17;Fri
2024.09.23 17:30;2024.09.23 18:07;LONG;0.10;2634.69;2625.92;2650.88;2625.92;SL;-87.70;8.77;-1.000;0.013;1.000;37;8.32;8.88;0.937;2477.13;6.247;17;Mon
2024.09.24 17:02;2024.09.24 17:53;LONG;0.10;2637.15;2631.68;2646.83;2646.83;TP;96.80;5.47;1.770;1.770;0.483;51;5.05;8.54;0.591;2481.26;6.191;17;Tue
2024.09.25 17:09;2024.09.25 17:46;LONG;0.10;2667.17;2660.07;2678.25;2660.07;SL;-71.00;7.10;-1.000;0.039;1.000;37;6.06;8.22;0.737;2485.03;7.222;17;Wed
2024.09.26 18:25;2024.09.26 23:00;LONG;0.10;2669.99;2654.78;2698.82;2673.64;CLOSE;36.50;15.21;0.240;0.519;0.464;275;14.68;8.07;1.819;2489.00;6.903;18;Thu
2024.10.02 17:05;2024.10.02 17:29;LONG;0.10;2661.57;2653.41;2675.70;2653.41;SL;-81.60;8.16;-1.000;0.216;1.000;24;7.43;8.22;0.904;2508.54;6.018;17;Wed
2024.10.10 17:01;2024.10.10 23:00;LONG;0.10;2629.28;2615.69;2652.38;2629.09;CLOSE;-1.90;13.59;-0.014;0.154;0.943;359;12.23;7.36;1.663;2537.55;3.513;17;Thu
2024.10.11 17:33;2024.10.11 23:00;LONG;0.10;2653.86;2646.08;2667.77;2656.03;CLOSE;21.70;7.78;0.279;0.964;0.353;327;7.23;7.36;0.983;2541.22;4.260;17;Fri
2024.10.15 17:09;2024.10.15 19:03;LONG;0.10;2653.81;2646.95;2665.94;2665.94;TP;121.30;6.86;1.768;1.768;0.028;114;6.33;7.33;0.864;2550.30;3.856;17;Tue
2024.10.17 17:13;2024.10.17 23:00;LONG;0.10;2690.49;2681.14;2707.96;2691.96;CLOSE;14.70;9.35;0.157;0.667;0.707;347;8.94;7.33;1.220;2561.57;4.961;17;Thu
2024.10.18 17:16;2024.10.18 23:00;LONG;0.10;2715.95;2705.25;2736.66;2719.60;CLOSE;36.50;10.70;0.341;0.491;0.221;344;10.47;7.33;1.428;2566.89;5.720;17;Fri
2024.10.25 17:04;2024.10.25 20:51;LONG;0.10;2731.94;2725.77;2742.72;2742.72;TP;107.80;6.17;1.747;1.747;0.241;227;5.65;7.33;0.771;2594.24;5.145;17;Fri
2024.10.28 17:15;2024.10.28 23:00;LONG;0.10;2743.65;2738.40;2753.34;2742.50;CLOSE;-11.50;5.25;-0.219;0.432;0.756;345;4.98;7.33;0.679;2599.02;5.456;17;Mon
2024.10.29 17:04;2024.10.29 23:00;LONG;0.10;2764.49;2752.48;2786.98;2772.15;CLOSE;76.60;12.01;0.638;0.851;0.306;356;11.50;7.04;1.634;2603.78;6.030;17;Tue
2024.10.30 17:16;2024.10.30 23:00;LONG;0.10;2780.46;2770.86;2797.20;2787.41;CLOSE;69.50;9.60;0.724;0.989;0.890;344;8.78;7.04;1.247;2608.99;6.460;17;Wed
2024.11.06 17:02;2024.11.06 23:00;LONG;0.10;2663.58;2652.30;2682.54;2660.70;CLOSE;-28.80;11.28;-0.255;1.292;0.551;358;10.08;8.47;1.191;2632.91;1.023;17;Wed
2024.11.07 17:11;2024.11.07 21:41;LONG;0.10;2695.86;2688.04;2708.83;2688.04;SL;-78.20;7.82;-1.000;0.569;1.000;270;6.93;8.63;0.803;2636.01;2.117;17;Thu
2024.11.11 17:34;2024.11.11 23:00;SHORT;0.10;2616.82;2628.29;2596.55;2622.17;CLOSE;-53.50;11.47;-0.466;0.524;0.835;326;10.58;8.63;1.225;2643.34;-0.788;17;Mon
2024.11.12 17:01;2024.11.12 19:11;SHORT;0.10;2608.81;2617.06;2595.28;2595.27;TP;135.40;8.25;1.641;1.641;0.234;130;7.26;8.86;0.819;2645.72;-1.336;17;Tue
2024.11.13 17:01;2024.11.13 23:00;SHORT;0.10;2599.02;2615.32;2572.60;2573.69;CLOSE;253.30;16.30;1.554;1.585;0.486;359;14.24;8.86;1.607;2647.82;-1.729;17;Wed
2024.11.15 17:34;2024.11.15 23:00;SHORT;0.10;2566.77;2575.56;2550.45;2562.36;CLOSE;44.10;8.79;0.502;0.815;0.759;326;8.37;8.63;0.969;2650.32;-2.927;17;Fri
2024.11.19 17:37;2024.11.19 19:19;SHORT;0.10;2622.40;2631.01;2606.23;2631.01;SL;-86.10;8.61;-1.000;0.082;1.000;102;8.26;8.43;0.980;2653.74;-1.143;17;Tue
2024.11.22 17:03;2024.11.22 23:00;LONG;0.10;2696.44;2684.39;2720.03;2705.79;CLOSE;93.50;12.05;0.776;1.241;0.154;357;11.88;8.43;1.409;2661.05;1.267;17;Fri
2024.11.25 17:11;2024.11.25 23:00;SHORT;0.10;2631.41;2646.66;2607.33;2626.20;CLOSE;52.10;15.25;0.342;1.024;0.536;349;13.11;8.63;1.518;2663.77;-0.844;17;Mon
2024.11.27 17:01;2024.11.27 17:05;SHORT;0.10;2649.13;2655.14;2640.32;2640.27;TP;88.60;6.01;1.474;1.474;0.072;4;4.94;9.14;0.540;2665.89;-0.544;17;Wed
2024.11.28 17:20;2024.11.29 03:42;SHORT;0.10;2640.48;2646.80;2628.80;2646.89;SL;-60.15;6.32;-1.014;0.986;1.014;622;6.00;9.00;0.667;2667.43;-0.982;17;Thu
2024.11.29 17:01;2024.11.29 18:00;SHORT;0.10;2651.42;2659.32;2637.00;2659.36;SL;-79.40;7.90;-1.005;0.084;1.005;59;7.44;8.43;0.883;2668.45;-0.564;17;Fri
2024.12.03 17:01;2024.12.03 23:00;SHORT;0.10;2643.99;2655.59;2625.89;2642.26;CLOSE;17.30;11.60;0.149;0.749;0.457;359;9.90;8.43;1.174;2669.23;-0.844;17;Tue
2024.12.05 17:04;2024.12.05 23:00;SHORT;0.10;2639.18;2647.89;2622.69;2631.43;CLOSE;77.50;8.71;0.890;1.774;0.494;356;8.40;8.32;1.010;2668.80;-1.070;17;Thu
2024.12.09 17:15;2024.12.09 18:36;LONG;0.10;2676.17;2666.35;2692.99;2666.35;SL;-98.20;9.82;-1.000;0.027;1.000;81;8.88;8.38;1.059;2667.48;0.246;17;Mon
2024.12.11 17:01;2024.12.11 23:00;LONG;0.10;2707.39;2696.52;2727.51;2717.14;CLOSE;97.50;10.87;0.897;1.263;0.180;359;10.33;8.38;1.232;2668.60;1.414;17;Wed
2024.12.13 17:24;2024.12.13 17:47;SHORT;0.10;2656.62;2662.42;2646.97;2662.43;SL;-58.10;5.80;-1.002;0.286;1.002;23;5.15;8.64;0.596;2670.27;-0.377;17;Fri
2024.12.16 17:12;2024.12.16 23:00;SHORT;0.10;2653.02;2659.86;2640.78;2652.89;CLOSE;1.30;6.84;0.019;0.623;0.596;348;6.36;8.64;0.736;2670.17;-0.575;17;Mon
2024.12.19 17:01;2024.12.19 21:00;SHORT;0.10;2591.67;2600.71;2574.28;2600.71;SL;-90.40;9.04;-1.000;0.494;1.000;239;8.81;7.92;1.112;2670.41;-2.919;17;Thu
2024.12.23 17:05;2024.12.23 23:00;SHORT;0.10;2612.80;2618.61;2603.79;2611.23;CLOSE;15.70;5.81;0.270;0.766;0.688;355;4.94;7.26;0.681;2668.99;-1.998;17;Mon
2024.12.30 17:07;2024.12.30 23:00;SHORT;0.10;2605.13;2612.25;2591.76;2608.00;CLOSE;-28.70;7.12;-0.403;1.226;0.649;353;6.83;6.85;0.998;2665.11;-2.016;17;Mon
2025.01.02 17:04;2025.01.02 17:32;SHORT;0.10;2645.67;2650.99;2636.77;2650.99;SL;-53.20;5.32;-1.000;0.006;1.000;28;4.74;6.79;0.698;2660.88;-0.501;17;Thu
2025.01.03 17:02;2025.01.03 23:00;SHORT;0.10;2645.22;2652.56;2633.18;2638.57;CLOSE;66.50;7.34;0.906;1.091;0.444;358;6.46;6.71;0.963;2659.06;-0.425;17;Fri
2025.01.07 17:01;2025.01.07 17:05;SHORT;0.10;2652.21;2662.97;2646.47;2646.44;TP;57.70;10.76;0.536;0.536;0.029;4;5.50;6.71;0.820;2655.56;0.113;17;Tue
2025.01.10 17:25;2025.01.10 23:00;LONG;0.10;2694.06;2682.24;2715.45;2690.56;CLOSE;-35.00;11.82;-0.296;0.316;0.813;335;11.07;6.41;1.727;2649.90;1.441;17;Fri
2025.01.14 17:01;2025.01.14 23:00;LONG;0.10;2666.35;2660.37;2677.08;2676.28;CLOSE;99.30;5.98;1.661;1.679;0.065;359;5.57;6.41;0.869;2646.32;0.715;17;Tue
2025.01.16 17:36;2025.01.16 17:48;LONG;0.10;2719.47;2712.90;2731.83;2712.87;SL;-66.00;6.57;-1.005;0.000;1.005;12;6.31;6.57;0.961;2644.33;2.801;17;Thu
2025.01.17 17:01;2025.01.17 22:00;LONG;0.10;2712.92;2702.68;2732.35;2702.68;SL;-102.40;10.24;-1.000;0.427;1.000;299;9.89;6.38;1.549;2643.72;2.572;17;Fri
2025.01.21 17:50;2025.01.21 23:00;LONG;0.10;2738.83;2729.28;2757.03;2742.57;CLOSE;37.40;9.55;0.392;0.743;0.120;310;9.25;6.38;1.449;2644.61;3.532;17;Tue
2025.01.22 17:48;2025.01.22 23:00;LONG;0.10;2758.73;2750.21;2772.50;2756.68;CLOSE;-20.50;8.52;-0.241;0.170;0.466;312;7.43;6.57;1.132;2645.81;4.089;17;Wed
2025.01.23 17:41;2025.01.23 23:00;LONG;0.10;2748.32;2740.46;2761.07;2753.81;CLOSE;54.90;7.86;0.698;1.321;0.542;319;6.87;6.71;1.024;2648.56;3.683;17;Thu
2025.01.24 17:14;2025.01.24 18:16;LONG;0.10;2782.63;2773.76;2798.81;2773.71;SL;-89.20;8.87;-1.006;0.370;1.006;62;8.35;6.79;1.230;2651.68;4.781;17;Fri
2025.01.30 17:06;2025.01.30 23:00;LONG;0.10;2789.24;2780.12;2806.88;2795.35;CLOSE;61.10;9.12;0.670;1.000;0.279;354;8.92;6.85;1.302;2666.13;4.557;17;Thu
2025.01.31 17:01;2025.01.31 18:26;LONG;0.10;2813.21;2804.94;2827.59;2804.94;SL;-82.70;8.27;-1.000;0.478;1.000;85;7.55;7.15;1.056;2669.37;5.355;17;Fri
2025.02.04 17:01;2025.02.04 17:40;LONG;0.10;2841.77;2835.87;2852.40;2835.86;SL;-59.10;5.90;-1.002;0.607;1.002;39;5.51;7.49;0.736;2675.23;6.116;17;Tue
2025.02.05 17:01;2025.02.05 18:23;LONG;0.10;2873.45;2864.10;2889.60;2863.84;SL;-96.10;9.35;-1.028;0.933;1.028;82;8.50;7.49;1.135;2677.77;7.208;17;Wed
2025.02.07 17:05;2025.02.07 18:03;LONG;0.10;2878.69;2871.45;2891.73;2871.35;SL;-73.40;7.24;-1.014;1.110;1.014;58;6.76;8.42;0.802;2687.06;7.038;17;Fri
2025.02.10 17:09;2025.02.10 18:49;LONG;0.10;2909.81;2901.69;2924.25;2901.69;SL;-81.20;8.12;-1.000;0.248;1.000;100;7.52;7.95;0.946;2691.56;8.064;17;Mon
2025.02.13 17:02;2025.02.13 23:00;LONG;0.10;2918.56;2907.84;2936.28;2928.41;CLOSE;98.50;10.72;0.919;0.979;0.522;358;9.48;7.94;1.194;2707.21;7.678;17;Thu
2025.02.18 17:15;2025.02.18 23:00;LONG;0.10;2929.41;2922.29;2941.58;2933.32;CLOSE;39.10;7.12;0.549;1.051;0.829;345;6.43;8.34;0.771;2722.92;7.530;17;Tue
2025.02.20 18:22;2025.02.20 23:00;LONG;0.10;2941.41;2929.20;2961.15;2937.88;CLOSE;-35.30;12.21;-0.289;0.456;0.645;278;10.65;8.34;1.277;2734.43;7.325;18;Thu
2025.02.26 17:10;2025.02.26 23:00;LONG;0.10;2905.70;2890.82;2934.08;2916.43;CLOSE;107.30;14.88;0.721;0.741;0.054;350;14.42;8.67;1.663;2754.49;5.345;17;Wed
2025.03.03 17:20;2025.03.03 23:00;LONG;0.10;2883.27;2873.72;2901.32;2891.18;CLOSE;79.10;9.55;0.828;1.034;0.518;340;9.20;9.42;0.977;2769.84;3.880;17;Mon
2025.03.05 17:06;2025.03.05 23:00;LONG;0.10;2917.51;2905.24;2940.73;2922.82;CLOSE;53.10;12.27;0.433;0.983;0.461;354;11.83;9.42;1.256;2781.73;4.641;17;Wed
2025.03.06 17:01;2025.03.06 22:59;LONG;0.10;2919.18;2908.70;2932.34;2908.69;SL;-104.90;10.48;-1.001;0.300;1.001;358;7.88;9.68;0.814;2787.87;4.563;17;Thu
2025.03.07 17:01;2025.03.07 17:41;LONG;0.10;2929.57;2916.90;2952.30;2914.96;SL;-146.10;12.67;-1.153;0.068;1.153;40;11.80;9.42;1.253;2793.75;4.763;17;Fri
2025.03.17 17:06;2025.03.17 23:00;LONG;0.10;2992.36;2986.12;3001.75;3000.24;CLOSE;78.80;6.24;1.263;1.356;0.333;354;5.21;9.40;0.555;2837.37;5.318;17;Mon
2025.03.20 17:43;2025.03.20 23:00;LONG;0.10;3037.98;3030.19;3052.45;3044.68;CLOSE;67.00;7.79;0.860;1.033;0.512;317;7.42;9.85;0.754;2859.43;6.062;17;Thu
2025.03.25 17:03;2025.03.25 18:11;LONG;0.10;3031.64;3023.25;3045.21;3023.18;SL;-84.60;8.39;-1.008;0.511;1.008;68;7.32;9.32;0.786;2880.45;5.147;17;Tue
2025.03.27 17:04;2025.03.27 23:00;LONG;0.10;3044.62;3033.54;3062.61;3057.47;CLOSE;128.50;11.08;1.160;1.344;0.212;356;9.69;8.54;1.135;2893.03;5.100;17;Thu
2025.03.28 17:02;2025.03.28 17:34;LONG;0.10;3084.40;3071.28;3109.65;3071.20;SL;-132.00;13.12;-1.006;0.182;1.006;32;12.79;8.54;1.498;2900.12;6.317;17;Fri
2025.03.31 17:36;2025.03.31 23:00;LONG;0.10;3120.50;3099.94;3158.05;3124.33;CLOSE;38.30;20.56;0.186;0.326;0.432;324;19.37;8.54;2.268;2907.66;7.075;17;Mon
2025.04.03 17:02;2025.04.03 23:00;LONG;0.10;3093.71;3064.18;3151.81;3107.50;CLOSE;137.90;29.53;0.467;1.418;0.014;358;29.21;7.65;3.818;2930.05;5.317;17;Thu
2025.04.07 17:13;2025.04.07 17:36;LONG;0.10;3029.54;3002.09;3075.38;3002.07;SL;-274.70;27.45;-1.001;0.306;1.001;23;24.43;8.43;2.900;2942.87;2.463;17;Mon
2025.04.08 17:49;2025.04.08 18:13;LONG;0.10;3017.79;3003.94;3043.48;3003.89;SL;-139.00;13.85;-1.004;0.000;1.004;24;13.18;9.56;1.379;2947.26;2.142;17;Tue
2025.04.09 17:17;2025.04.09 20:29;LONG;0.10;3080.45;3060.13;3113.23;3058.81;SL;-216.40;20.32;-1.065;0.908;1.065;192;17.70;9.71;1.824;2951.73;4.181;17;Wed
2025.04.10 17:04;2025.04.10 18:25;LONG;0.10;3133.62;3116.11;3166.54;3166.63;TP;330.10;17.51;1.885;1.885;0.176;81;16.81;10.88;1.544;2957.51;5.394;17;Thu
2025.04.14 17:47;2025.04.14 23:00;LONG;0.10;3210.79;3194.75;3239.45;3212.76;CLOSE;19.70;16.04;0.123;0.348;0.905;313;14.90;12.98;1.147;2973.50;7.773;17;Mon
2025.04.15 17:24;2025.04.15 23:00;LONG;0.10;3224.90;3211.58;3249.56;3229.83;CLOSE;49.30;13.32;0.370;0.521;0.605;336;12.66;14.04;0.902;2980.87;7.787;17;Tue
2025.04.16 17:01;2025.04.16 23:00;LONG;0.10;3317.88;3296.77;3355.75;3336.64;CLOSE;187.60;21.11;0.889;1.160;0.600;359;19.66;14.04;1.400;2988.14;10.821;17;Wed
2025.04.21 17:09;2025.04.21 23:00;LONG;0.10;3427.34;3405.30;3469.59;3423.41;CLOSE;-39.30;22.04;-0.178;0.143;0.969;351;21.43;16.15;1.327;3007.22;13.738;17;Mon
2025.04.25 17:27;2025.04.25 23:00;LONG;0.10;3285.56;3265.15;3323.17;3304.78;CLOSE;192.20;20.41;0.942;1.318;0.755;333;19.34;19.51;0.991;3043.30;7.806;17;Fri
2025.04.28 17:16;2025.04.28 17:40;LONG;0.10;3302.22;3286.91;3329.21;3329.43;TP;272.10;15.31;1.777;1.777;0.021;24;14.10;19.51;0.723;3052.02;7.899;17;Mon
2025.05.06 17:11;2025.05.06 17:26;LONG;0.10;3397.89;3387.76;3416.83;3387.05;SL;-108.40;10.13;-1.070;0.007;1.070;15;9.69;18.52;0.523;3095.34;9.576;17;Tue
2025.05.15 17:08;2025.05.15 18:25;LONG;0.10;3199.75;3187.84;3214.93;3214.97;TP;152.20;11.91;1.278;1.278;0.165;77;9.03;16.22;0.557;3151.29;1.301;17;Thu
2025.05.20 17:01;2025.05.20 23:00;LONG;0.10;3262.60;3236.73;3311.97;3294.04;CLOSE;314.40;25.87;1.215;1.256;0.038;359;25.08;15.38;1.630;3170.60;2.858;17;Tue
2025.05.21 18:08;2025.05.21 23:00;LONG;0.10;3310.87;3295.41;3337.56;3318.36;CLOSE;74.90;15.46;0.484;0.897;0.526;292;14.05;15.38;0.913;3178.03;3.949;18;Wed
2025.05.23 17:22;2025.05.23 23:00;LONG;0.10;3353.16;3337.21;3383.26;3360.77;CLOSE;76.10;15.95;0.477;0.794;0.366;338;15.35;14.88;1.032;3191.95;4.639;17;Fri
2025.06.02 17:18;2025.06.02 23:00;LONG;0.10;3376.47;3350.45;3427.34;3381.49;CLOSE;50.20;26.02;0.193;0.223;0.280;342;25.63;13.92;1.842;3227.87;4.425;17;Mon
2025.06.04 17:08;2025.06.04 17:38;LONG;0.10;3364.14;3350.80;3376.33;3376.59;TP;124.50;13.34;0.933;0.933;0.067;30;8.51;14.88;0.572;3241.87;3.422;17;Wed
2025.06.09 17:08;2025.06.09 23:00;LONG;0.10;3322.02;3310.82;3343.31;3327.07;CLOSE;50.50;11.20;0.451;1.440;0.538;352;10.83;14.38;0.753;3260.69;1.794;17;Mon
2025.06.11 17:43;2025.06.11 20:07;LONG;0.10;3339.80;3328.03;3362.80;3327.99;SL;-118.10;11.77;-1.003;0.247;1.003;144;11.59;12.74;0.910;3269.51;1.847;17;Wed
2025.06.23 18:03;2025.06.23 23:00;LONG;0.10;3388.11;3368.31;3426.45;3376.18;CLOSE;-119.30;19.80;-0.603;0.269;0.630;297;19.38;12.18;1.592;3318.11;1.885;18;Mon
2025.07.01 17:07;2025.07.01 17:51;LONG;0.10;3354.09;3344.47;3368.74;3344.43;SL;-96.60;9.62;-1.004;0.000;1.004;44;8.09;12.56;0.644;3321.26;0.921;17;Tue
2025.07.08 17:04;2025.07.08 18:10;SHORT;0.10;3312.66;3326.88;3290.46;3290.41;TP;222.50;14.22;1.565;1.565;0.027;66;12.14;11.05;1.099;3321.60;-0.190;17;Tue
2025.07.10 17:01;2025.07.10 23:00;SHORT;0.10;3311.58;3328.27;3279.25;3325.01;CLOSE;-134.30;16.69;-0.805;0.074;0.871;359;16.34;11.70;1.397;3321.78;-0.272;17;Thu
2025.07.11 17:43;2025.07.11 20:10;LONG;0.10;3359.84;3350.23;3376.90;3350.19;SL;-96.50;9.61;-1.004;0.922;1.004;147;8.89;11.70;0.760;3323.51;0.850;17;Fri
2025.07.15 17:26;2025.07.15 18:29;LONG;0.10;3349.10;3334.41;3374.46;3333.49;SL;-156.10;14.69;-1.063;0.201;1.063;63;13.35;10.68;1.251;3325.99;0.620;17;Tue
2025.07.16 17:33;2025.07.16 17:54;SHORT;0.10;3321.26;3334.71;3296.55;3335.04;SL;-137.80;13.45;-1.025;0.100;1.025;21;12.72;11.05;1.152;3323.83;0.089;17;Wed
2025.07.21 17:17;2025.07.21 23:00;LONG;0.10;3395.61;3383.60;3418.46;3398.82;CLOSE;32.10;12.01;0.267;0.490;0.351;343;11.62;10.68;1.089;3324.62;1.925;17;Mon
2025.07.23 17:02;2025.07.23 18:55;LONG;0.10;3415.73;3405.65;3431.96;3405.61;SL;-101.20;10.08;-1.004;0.406;1.004;113;8.77;9.81;0.894;3331.45;2.461;17;Wed
2025.07.24 17:18;2025.07.24 23:00;LONG;0.10;3372.92;3356.47;3403.42;3370.45;CLOSE;-24.70;16.45;-0.150;0.271;0.405;342;15.65;9.81;1.595;3335.64;0.928;17;Thu
2025.07.30 18:21;2025.07.30 22:01;SHORT;0.10;3294.18;3308.08;3278.80;3278.65;TP;155.30;13.90;1.117;1.117;0.786;220;9.76;9.76;1.000;3343.35;-1.205;18;Wed
2025.07.31 17:01;2025.07.31 23:00;SHORT;0.10;3299.76;3308.80;3284.11;3291.22;CLOSE;85.40;9.04;0.945;1.092;0.386;359;8.23;9.38;0.877;3342.55;-1.233;17;Thu
2025.08.01 17:22;2025.08.01 23:00;LONG;0.10;3353.88;3338.84;3382.04;3357.17;CLOSE;32.90;15.04;0.219;0.488;0.887;338;14.40;9.38;1.535;3342.46;-0.014;17;Fri
2025.08.05 17:08;2025.08.05 18:30;LONG;0.10;3387.39;3378.75;3402.09;3378.61;SL;-87.80;8.64;-1.016;0.348;1.016;82;7.78;9.38;0.829;3343.22;1.258;17;Tue
2025.08.11 17:36;2025.08.11 23:00;SHORT;0.10;3348.89;3362.81;3323.54;3351.65;CLOSE;-27.60;13.92;-0.198;0.537;0.723;324;13.09;8.91;1.468;3350.20;0.250;17;Mon
2025.08.12 17:12;2025.08.12 18:28;SHORT;0.10;3338.97;3356.90;3306.23;3357.06;SL;-180.90;17.93;-1.009;0.431;1.009;76;16.89;8.97;1.883;3349.43;-0.120;17;Tue
2025.08.13 17:04;2025.08.13 18:17;LONG;0.10;3368.53;3356.35;3384.82;3356.34;SL;-121.90;12.18;-1.001;0.179;1.001;73;9.49;9.38;1.012;3349.33;0.469;17;Wed
2025.08.14 17:01;2025.08.14 19:16;SHORT;0.10;3343.47;3349.34;3332.66;3332.23;TP;112.40;5.87;1.915;1.915;0.564;135;5.56;9.25;0.601;3349.00;-0.146;17;Thu
2025.08.18 17:01;2025.08.18 23:00;SHORT;0.10;3334.01;3343.94;3319.22;3333.70;CLOSE;3.10;9.93;0.031;0.354;0.493;359;8.24;8.97;0.919;3349.12;-0.368;17;Mon
2025.08.19 17:37;2025.08.19 20:28;SHORT;0.10;3331.18;3339.15;3316.50;3315.96;TP;152.20;7.97;1.910;1.910;0.030;171;7.55;8.97;0.842;3349.26;-0.459;17;Tue
2025.08.25 17:02;2025.08.25 23:00;LONG;0.10;3372.06;3363.81;3386.22;3365.38;CLOSE;-66.80;8.25;-0.810;0.504;0.841;358;7.47;8.59;0.870;3346.78;0.714;17;Mon
2025.08.27 17:26;2025.08.27 19:35;LONG;0.10;3382.73;3375.51;3395.28;3395.28;TP;125.50;7.22;1.738;1.738;0.249;129;6.59;8.24;0.800;3346.50;0.937;17;Wed
2025.08.28 17:08;2025.08.28 23:00;LONG;0.10;3410.86;3401.78;3427.73;3422.21;CLOSE;113.50;9.08;1.250;1.352;0.698;352;8.65;8.10;1.069;3347.06;1.797;17;Thu
2025.08.29 17:01;2025.08.29 22:51;LONG;0.10;3430.56;3417.33;3452.49;3452.52;TP;219.60;13.23;1.660;1.660;0.098;350;11.72;8.10;1.448;3347.99;2.419;17;Fri
2025.09.02 17:08;2025.09.02 19:06;LONG;0.10;3496.64;3478.95;3522.84;3522.92;TP;262.80;17.69;1.486;1.486;0.206;118;14.63;7.94;1.841;3351.77;4.104;17;Tue
2025.09.03 17:24;2025.09.03 23:00;LONG;0.10;3562.43;3549.35;3585.29;3563.91;CLOSE;14.80;13.08;0.113;1.231;0.614;336;11.98;8.10;1.479;3355.96;5.904;17;Wed
2025.09.05 17:02;2025.09.05 17:39;LONG;0.10;3596.49;3575.43;3634.53;3575.33;SL;-211.60;21.06;-1.005;0.071;1.005;37;19.70;8.44;2.333;3364.86;6.825;17;Fri
2025.09.08 17:09;2025.09.08 23:00;LONG;0.10;3637.71;3620.21;3670.19;3636.52;CLOSE;-11.90;17.50;-0.068;0.497;0.503;351;16.66;8.44;1.973;3371.11;7.779;17;Mon
2025.09.09 17:01;2025.09.09 17:03;LONG;0.10;3670.91;3658.24;3688.18;3658.20;SL;-127.10;12.67;-1.003;0.247;1.003;2;9.98;8.44;1.182;3377.77;8.532;17;Tue
2025.09.10 17:16;2025.09.10 17:45;LONG;0.10;3654.24;3646.81;3668.44;3646.79;SL;-74.50;7.43;-1.003;0.159;1.003;29;7.21;8.44;0.854;3383.52;7.912;17;Wed
2025.09.11 17:17;2025.09.11 23:00;LONG;0.10;3633.75;3618.38;3663.23;3636.84;CLOSE;30.90;15.37;0.201;0.534;0.454;343;14.95;8.10;1.846;3389.17;7.109;17;Thu
2025.09.12 17:17;2025.09.12 18:05;LONG;0.10;3653.45;3646.62;3664.44;3646.61;SL;-68.40;6.83;-1.001;0.135;1.001;48;5.94;8.44;0.703;3395.33;7.514;17;Fri
2025.09.15 18:02;2025.09.15 23:00;LONG;0.10;3664.87;3652.87;3687.07;3680.98;CLOSE;161.10;12.00;1.343;1.721;0.143;298;11.40;8.44;1.350;3401.45;7.515;18;Mon
2025.09.16 17:14;2025.09.16 17:29;LONG;0.10;3699.02;3692.06;3711.44;3692.04;SL;-69.80;6.96;-1.003;0.560;1.003;15;6.46;9.31;0.694;3408.30;8.430;17;Tue
2025.09.17 17:13;2025.09.17 21:00;LONG;0.10;3682.99;3676.26;3695.16;3695.34;TP;123.50;6.73;1.835;1.835;0.643;227;6.30;9.31;0.676;3416.06;7.690;17;Wed
2025.09.19 17:32;2025.09.19 23:00;LONG;0.10;3665.26;3654.00;3685.26;3684.39;CLOSE;191.30;11.26;1.699;1.769;0.253;328;10.42;9.31;1.119;3429.39;6.822;17;Fri
2025.09.22 17:54;2025.09.22 22:00;LONG;0.10;3725.90;3713.74;3748.15;3748.17;TP;222.70;12.16;1.831;1.831;0.197;246;11.47;10.20;1.125;3436.00;8.333;17;Mon
2025.09.26 17:01;2025.09.26 17:26;LONG;0.10;3764.65;3752.25;3783.24;3783.50;TP;188.50;12.40;1.520;1.520;0.073;25;10.33;11.60;0.891;3468.86;8.450;17;Fri
2025.09.29 17:11;2025.09.29 17:20;LONG;0.10;3829.17;3818.20;3847.84;3818.09;SL;-110.80;10.97;-1.010;0.126;1.010;9;9.88;11.44;0.864;3477.07;9.902;17;Mon
2025.09.30 17:06;2025.09.30 23:00;LONG;0.10;3831.97;3812.34;3864.90;3858.97;CLOSE;270.00;19.63;1.375;1.468;0.058;354;17.52;11.44;1.532;3485.80;9.718;17;Tue
2025.10.01 17:34;2025.10.01 17:47;LONG;0.10;3877.60;3867.72;3895.44;3867.71;SL;-98.90;9.88;-1.001;0.106;1.001;13;9.24;11.44;0.808;3494.34;10.834;17;Wed
2025.10.06 17:03;2025.10.06 23:00;LONG;0.10;3947.94;3927.22;3986.68;3959.37;CLOSE;114.30;20.72;0.552;1.062;0.371;357;19.82;10.91;1.817;3524.68;11.912;17;Mon
2025.10.07 17:35;2025.10.07 18:45;LONG;0.10;3983.43;3970.40;4007.81;3970.16;SL;-132.70;13.03;-1.018;0.582;1.018;70;12.47;10.91;1.143;3537.58;12.484;17;Tue
2025.10.08 17:02;2025.10.08 23:00;LONG;0.10;4040.09;4026.27;4067.22;4044.89;CLOSE;48.00;13.82;0.347;1.382;0.583;358;13.65;11.44;1.194;3550.73;13.726;17;Wed
2025.10.13 17:01;2025.10.13 23:00;LONG;0.10;4096.07;4081.96;4123.00;4108.51;CLOSE;124.40;14.11;0.882;1.487;0.382;359;13.68;13.06;1.047;3592.72;13.955;17;Mon
2025.10.14 17:01;2025.10.14 23:00;LONG;0.10;4129.90;4106.41;4175.29;4141.64;CLOSE;117.40;23.49;0.500;1.080;0.370;359;22.96;13.66;1.680;3607.44;14.320;17;Tue
2025.10.15 17:02;2025.10.15 18:50;LONG;0.10;4201.04;4183.31;4229.42;4182.99;SL;-180.50;17.73;-1.018;0.637;1.018;108;15.37;14.10;1.090;3622.67;15.718;17;Wed
2025.10.16 17:06;2025.10.16 19:18;LONG;0.10;4259.53;4243.46;4289.03;4289.36;TP;298.30;16.07;1.856;1.856;0.333;132;15.19;14.94;1.016;3639.44;16.676;17;Thu
2025.10.23 17:08;2025.10.23 19:44;LONG;0.10;4152.13;4132.39;4187.56;4132.35;SL;-197.80;19.74;-1.002;0.136;1.002;156;18.39;18.80;0.978;3725.73;11.250;17;Thu
2025.10.24 17:12;2025.10.24 23:00;LONG;0.10;4120.45;4097.93;4163.75;4103.74;CLOSE;-167.10;22.52;-0.742;0.804;0.823;348;21.94;18.08;1.213;3741.54;9.757;17;Fri
2025.10.28 17:01;2025.10.28 23:00;LONG;0.10;3941.49;3914.79;3991.26;3959.98;CLOSE;184.90;26.70;0.693;1.080;0.249;359;25.49;20.29;1.257;3770.10;4.476;17;Tue
2025.10.29 17:06;2025.10.29 18:45;LONG;0.10;4019.51;4002.39;4052.01;4002.17;SL;-173.40;17.12;-1.013;0.165;1.013;99;16.54;21.34;0.775;3782.81;6.070;17;Wed
2025.10.30 17:04;2025.10.30 23:00;LONG;0.10;3997.94;3963.29;4059.50;4023.37;CLOSE;254.30;34.65;0.734;0.804;0.320;356;32.07;21.34;1.502;3794.44;5.294;17;Thu
2025.11.03 17:01;2025.11.03 18:16;LONG;0.10;4026.35;4001.63;4074.98;4000.21;SL;-261.40;24.72;-1.057;0.169;1.057;75;24.45;21.34;1.145;3820.76;5.305;17;Mon
2025.11.04 17:36;2025.11.04 23:00;LONG;0.10;3960.45;3928.74;4021.74;3938.88;CLOSE;-215.70;31.71;-0.680;0.476;0.915;324;31.00;22.05;1.406;3833.46;3.223;17;Tue
2025.11.07 18:23;2025.11.07 23:00;LONG;0.10;4001.83;3984.38;4032.56;4003.84;CLOSE;20.10;17.45;0.115;1.465;0.540;277;16.06;22.05;0.728;3867.08;3.268;18;Fri
2025.11.10 17:01;2025.11.10 20:27;LONG;0.10;4087.77;4074.29;4111.88;4112.01;TP;242.40;13.48;1.798;1.798;0.734;206;12.53;21.34;0.587;3878.12;5.297;17;Mon
2025.11.12 17:04;2025.11.12 17:17;LONG;0.10;4140.24;4124.96;4170.05;4170.19;TP;299.50;15.28;1.960;1.960;0.051;13;15.03;19.57;0.768;3902.75;5.990;17;Wed
2025.11.14 17:48;2025.11.14 23:00;LONG;0.10;4088.97;4032.14;4187.87;4087.16;CLOSE;-18.10;56.83;-0.032;0.390;0.238;312;51.91;21.34;2.432;3927.97;3.939;17;Fri
2025.11.19 17:01;2025.11.19 17:53;LONG;0.10;4129.09;4101.98;4182.92;4100.82;SL;-282.70;27.11;-1.043;0.135;1.043;52;26.98;20.16;1.338;3954.91;4.373;17;Wed
2025.11.24 17:06;2025.11.24 20:53;LONG;0.10;4089.13;4068.31;4121.17;4121.35;TP;322.20;20.82;1.548;1.548;0.133;227;17.62;20.97;0.840;3980.96;2.522;17;Mon
2025.11.25 18:20;2025.11.25 23:00;LONG;0.10;4138.21;4111.09;4191.37;4132.33;CLOSE;-58.80;27.12;-0.217;0.778;0.362;280;26.76;17.96;1.490;3990.08;3.392;18;Tue
2025.12.05 17:22;2025.12.05 18:09;LONG;0.10;4246.50;4228.40;4279.49;4227.54;SL;-189.60;18.10;-1.048;0.705;1.048;47;17.03;16.97;1.003;4066.92;4.307;17;Fri
2025.12.09 17:59;2025.12.09 23:00;LONG;0.10;4211.96;4192.73;4245.56;4212.41;CLOSE;4.50;19.23;0.023;0.488;0.555;301;17.61;17.33;1.016;4082.79;2.987;17;Tue
2025.12.11 17:34;2025.12.11 18:49;LONG;0.10;4245.27;4229.03;4275.05;4275.07;TP;298.00;16.24;1.835;1.835;0.180;75;15.34;17.62;0.871;4097.01;3.251;17;Thu
2025.12.16 17:07;2025.12.16 17:15;LONG;0.10;4332.92;4322.00;4351.73;4322.00;SL;-109.20;10.92;-1.000;0.203;1.000;8;9.91;17.62;0.563;4120.65;4.946;17;Tue
2025.12.17 17:06;2025.12.17 17:53;LONG;0.10;4343.92;4326.45;4374.75;4325.82;SL;-181.00;17.47;-1.036;0.278;1.036;47;16.10;17.32;0.930;4127.01;5.118;17;Wed
2025.12.18 17:39;2025.12.18 23:00;LONG;0.10;4341.12;4308.63;4405.92;4334.84;CLOSE;-62.80;32.49;-0.193;1.028;0.581;321;32.43;16.57;1.958;4132.96;4.733;17;Thu
2025.12.19 17:05;2025.12.19 23:00;LONG;0.10;4339.41;4319.81;4373.45;4339.46;CLOSE;0.50;19.60;0.003;0.874;0.218;355;17.88;16.57;1.079;4140.09;4.651;17;Fri
2025.12.26 17:31;2025.12.26 19:33;LONG;0.10;4533.79;4512.89;4574.87;4511.99;SL;-218.00;20.90;-1.043;0.765;1.043;122;20.66;17.32;1.193;4165.58;8.536;17;Fri
2026.01.05 17:01;2026.01.05 23:00;LONG;0.10;4443.67;4417.97;4492.37;4444.91;CLOSE;12.40;25.70;0.048;0.471;0.435;359;24.80;18.77;1.321;4179.56;6.152;17;Mon
2026.01.06 17:01;2026.01.06 17:37;LONG;0.10;4489.92;4465.40;4538.24;4465.26;SL;-246.60;24.52;-1.006;0.038;1.006;36;24.28;19.22;1.263;4186.02;7.182;17;Tue
2026.01.08 17:06;2026.01.08 22:30;LONG;0.10;4439.70;4421.85;4474.53;4474.59;TP;348.90;17.85;1.955;1.955;0.113;324;17.56;20.61;0.852;4203.13;5.470;17;Thu
2026.01.09 17:09;2026.01.09 23:00;LONG;0.10;4498.55;4479.25;4535.59;4507.41;CLOSE;88.60;19.30;0.459;0.957;0.848;351;18.78;20.61;0.911;4213.66;6.661;17;Fri
2026.01.12 17:03;2026.01.12 23:00;LONG;0.10;4612.12;4585.61;4662.92;4593.76;CLOSE;-183.60;26.51;-0.693;0.680;0.781;357;25.77;20.61;1.250;4225.25;8.923;17;Mon
2026.01.15 17:16;2026.01.15 23:00;LONG;0.10;4616.67;4600.32;4644.87;4605.74;CLOSE;-109.30;16.35;-0.669;0.487;0.971;344;14.85;22.20;0.669;4260.93;8.223;17;Thu
2026.01.16 17:05;2026.01.16 17:23;LONG;0.10;4616.94;4596.26;4651.52;4596.13;SL;-208.10;20.68;-1.006;0.160;1.006;18;18.42;22.20;0.830;4274.62;7.799;17;Fri
2026.01.22 17:27;2026.01.22 19:22;LONG;0.10;4853.26;4828.28;4886.21;4886.24;TP;329.80;24.98;1.320;1.320;0.111;115;19.31;22.33;0.865;4330.47;11.657;17;Thu
2026.01.23 17:42;2026.01.23 23:00;LONG;0.10;4957.70;4933.33;5002.93;4980.87;CLOSE;231.70;24.37;0.951;1.322;0.259;318;23.20;21.95;1.057;4346.65;13.724;17;Fri
2026.01.27 17:38;2026.01.27 22:20;LONG;0.10;5083.03;5051.00;5144.06;5146.30;TP;632.70;32.03;1.975;1.975;0.206;282;31.02;22.17;1.399;4379.20;15.403;17;Tue
2026.01.28 17:01;2026.01.28 17:08;LONG;0.10;5294.53;5250.18;5364.96;5249.87;SL;-446.60;44.35;-1.007;0.080;1.007;7;38.26;22.17;1.726;4401.11;20.111;17;Wed
2026.02.03 17:09;2026.02.03 20:32;LONG;0.10;4934.72;4893.86;5002.55;4893.71;SL;-410.10;40.86;-1.004;1.443;1.004;203;36.23;22.89;1.583;4482.75;9.689;17;Tue
2026.02.06 17:07;2026.02.06 23:00;LONG;0.10;4958.19;4898.37;5052.00;4953.38;CLOSE;-48.10;59.82;-0.080;0.218;0.600;353;51.21;25.70;1.993;4529.94;9.216;17;Fri
2026.02.09 17:02;2026.02.09 23:00;LONG;0.10;5041.24;5014.27;5093.08;5080.01;CLOSE;387.70;26.97;1.438;1.658;0.650;358;26.27;26.96;0.974;4545.98;10.826;17;Mon
2026.02.11 17:06;2026.02.11 23:00;LONG;0.10;5076.41;5035.93;5153.65;5086.80;CLOSE;103.90;40.48;0.257;0.553;0.916;354;39.24;29.59;1.326;4580.13;10.467;17;Wed
2026.02.12 17:46;2026.02.12 18:10;LONG;0.10;5074.44;5039.42;5136.14;5036.04;SL;-384.00;35.02;-1.097;0.014;1.097;24;32.24;33.63;0.959;4597.19;9.730;17;Thu
2026.02.13 17:11;2026.02.13 23:00;LONG;0.10;5011.15;4965.43;5101.09;5032.37;CLOSE;212.20;45.72;0.464;0.766;0.809;349;45.22;34.24;1.321;4611.50;8.327;17;Fri
2026.02.18 17:02;2026.02.18 23:00;LONG;0.10;4999.57;4955.65;5071.39;4984.93;CLOSE;-146.40;43.92;-0.333;0.259;0.604;358;38.58;38.75;0.996;4657.57;7.177;17;Wed
2026.02.19 17:29;2026.02.19 23:00;LONG;0.10;5013.32;4963.93;5103.91;5001.78;CLOSE;-115.40;49.39;-0.234;0.181;0.769;331;46.66;38.91;1.199;4673.30;7.113;17;Thu
2026.02.20 17:02;2026.02.20 17:03;LONG;0.10;5063.36;5037.63;5106.27;5033.43;SL;-299.30;25.73;-1.163;0.025;1.163;1;22.88;42.23;0.542;4689.07;7.792;17;Fri
2026.02.23 17:21;2026.02.23 23:00;LONG;0.10;5203.31;5165.02;5271.37;5236.45;CLOSE;331.40;38.29;0.866;0.908;0.717;339;35.45;42.23;0.839;4706.64;10.322;17;Mon
2026.02.24 17:18;2026.02.24 23:00;LONG;0.10;5140.85;5109.98;5197.67;5164.33;CLOSE;234.80;30.87;0.761;1.046;0.308;342;29.23;42.23;0.692;4725.61;8.513;17;Tue
2026.02.25 17:02;2026.02.25 22:58;LONG;0.10;5193.67;5158.58;5262.77;5157.64;SL;-360.30;35.09;-1.027;0.685;1.027;356;34.73;42.23;0.822;4742.48;9.464;17;Wed
2026.02.27 17:09;2026.02.27 23:00;LONG;0.10;5235.36;5214.08;5272.70;5263.29;CLOSE;279.30;21.28;1.313;1.413;0.962;351;19.54;38.91;0.502;4777.32;9.349;17;Fri
2026.03.06 17:02;2026.03.06 23:00;LONG;0.10;5144.17;5084.36;5227.97;5153.13;CLOSE;89.60;59.81;0.150;0.508;0.300;358;47.87;37.01;1.293;4856.84;5.628;17;Fri
2026.03.11 17:02;2026.03.11 23:00;LONG;0.10;5185.00;5149.18;5245.72;5183.05;CLOSE;-19.50;35.82;-0.054;0.309;0.839;358;32.18;37.01;0.869;4899.98;5.650;17;Wed
2026.03.20 17:02;2026.03.20 21:50;SHORT;0.10;4610.59;4665.81;4507.08;4507.04;TP;1035.50;55.22;1.875;1.875;0.221;288;52.91;33.54;1.577;4977.68;-7.257;17;Fri
2026.03.25 17:01;2026.03.25 17:50;SHORT;0.10;4536.14;4576.28;4470.77;4576.37;SL;-402.30;40.14;-1.002;0.000;1.002;49;35.17;34.67;1.014;4971.22;-8.581;17;Wed
2026.03.30 17:22;2026.03.30 23:00;SHORT;0.10;4513.44;4573.78;4403.80;4513.74;CLOSE;-3.00;60.34;-0.005;0.333;0.722;338;56.66;33.68;1.682;4962.02;-8.845;17;Mon
2026.04.01 17:01;2026.04.01 17:21;SHORT;0.10;4729.70;4749.46;4693.90;4749.94;SL;-202.40;19.76;-1.024;0.037;1.024;20;18.52;33.68;0.550;4956.91;-4.411;17;Wed
2026.04.07 17:02;2026.04.07 19:03;SHORT;0.10;4635.11;4663.11;4580.97;4664.25;SL;-291.40;28.00;-1.041;0.976;1.041;121;27.38;32.08;0.853;4943.55;-6.058;17;Tue
2026.04.08 17:26;2026.04.08 21:38;SHORT;0.10;4764.96;4794.90;4715.52;4714.70;TP;502.60;29.94;1.679;1.679;0.279;252;26.46;31.59;0.838;4937.48;-3.240;17;Wed
2026.04.09 17:37;2026.04.09 18:17;SHORT;0.10;4748.52;4777.01;4697.57;4777.59;SL;-290.70;28.49;-1.020;0.000;1.020;40;26.48;31.59;0.838;4928.31;-3.327;17;Thu
2026.04.13 17:04;2026.04.13 19:47;SHORT;0.10;4721.62;4744.33;4676.20;4745.80;SL;-241.80;22.71;-1.065;0.919;1.065;163;22.71;29.43;0.772;4902.70;-3.511;17;Mon
2026.04.16 17:41;2026.04.16 23:00;SHORT;0.10;4777.86;4823.88;4708.02;4793.70;CLOSE;-158.40;46.02;-0.344;0.000;0.767;319;38.62;29.43;1.312;4900.15;-2.137;17;Thu
2026.04.21 17:33;2026.04.21 19:28;SHORT;0.10;4770.19;4794.29;4722.02;4720.67;TP;495.20;24.10;2.055;2.055;0.031;115;24.09;27.52;0.875;4894.78;-2.364;17;Tue
2026.04.22 17:31;2026.04.22 23:00;SHORT;0.10;4739.97;4760.70;4705.20;4740.37;CLOSE;-4.00;20.73;-0.019;0.761;0.461;329;18.50;26.93;0.687;4888.00;-2.763;17;Wed
2026.04.23 17:01;2026.04.23 20:41;SHORT;0.10;4719.87;4741.20;4690.41;4690.30;TP;295.70;21.33;1.386;1.386;0.994;220;16.93;26.47;0.640;4882.28;-3.236;17;Thu
2026.04.27 17:10;2026.04.27 23:00;SHORT;0.10;4688.91;4702.31;4663.28;4680.80;CLOSE;81.10;13.40;0.605;1.612;0.585;350;13.01;25.28;0.515;4870.21;-3.576;17;Mon
2026.04.28 17:03;2026.04.28 19:52;SHORT;0.10;4569.68;4592.40;4527.72;4593.01;SL;-233.30;22.72;-1.027;0.537;1.027;169;21.56;23.43;0.920;4863.02;-5.814;17;Tue
2026.05.04 17:10;2026.05.04 17:18;SHORT;0.10;4555.02;4570.72;4525.63;4571.03;SL;-160.10;15.70;-1.020;0.070;1.020;8;15.03;23.31;0.645;4833.75;-5.580;17;Mon
2026.05.08 17:10;2026.05.08 23:00;SHORT;0.10;4726.51;4747.90;4685.05;4724.31;CLOSE;22.00;21.39;0.103;1.139;0.353;350;20.95;22.13;0.946;4790.00;-0.879;17;Fri
2026.05.11 17:04;2026.05.11 23:00;SHORT;0.10;4728.15;4748.45;4688.00;4733.79;CLOSE;-56.40;20.30;-0.278;0.970;0.508;356;20.15;22.13;0.910;4780.61;-0.931;17;Mon
2026.05.12 17:51;2026.05.12 22:12;SHORT;0.10;4676.11;4701.51;4627.98;4701.52;SL;-254.10;25.40;-1.000;1.479;1.000;261;24.51;21.25;1.153;4769.75;-1.910;17;Tue
2026.05.18 17:06;2026.05.18 23:00;SHORT;0.10;4560.96;4584.18;4523.49;4558.59;CLOSE;23.70;23.22;0.102;1.228;0.391;354;20.23;21.35;0.948;4728.95;-3.244;17;Mon
2026.05.20 17:02;2026.05.20 17:16;SHORT;0.10;4481.62;4492.98;4460.04;4493.20;SL;-115.80;11.36;-1.019;1.261;1.019;14;10.98;21.35;0.514;4703.69;-4.691;17;Wed
2026.05.22 17:01;2026.05.22 19:31;SHORT;0.10;4506.82;4527.01;4477.27;4527.01;SL;-201.90;20.19;-1.000;0.726;1.000;150;16.58;22.70;0.730;4678.09;-3.513;17;Fri
2026.05.26 17:01;2026.05.26 23:00;SHORT;0.10;4512.18;4531.34;4474.16;4509.19;CLOSE;29.90;19.16;0.156;1.523;0.675;359;19.06;21.35;0.893;4657.72;-3.083;17;Tue
2026.06.02 17:01;2026.06.02 21:43;SHORT;0.10;4501.59;4514.35;4479.70;4479.58;TP;220.10;12.76;1.725;1.725;0.558;282;11.55;20.88;0.553;4627.95;-2.704;17;Tue
2026.06.04 17:05;2026.06.04 23:00;SHORT;0.10;4495.51;4515.22;4456.42;4480.97;CLOSE;145.40;19.71;0.738;1.922;0.226;355;19.60;20.88;0.938;4628.84;-2.877;17;Thu
2026.06.05 17:14;2026.06.05 23:00;SHORT;0.10;4365.35;4409.63;4277.69;4318.89;CLOSE;464.60;44.28;1.049;1.155;0.166;346;43.98;20.59;2.136;4628.22;-5.673;17;Fri
2026.06.08 17:03;2026.06.08 23:00;SHORT;0.10;4325.58;4346.55;4285.53;4327.16;CLOSE;-15.80;20.97;-0.075;0.496;0.998;357;20.34;20.68;0.983;4627.20;-6.493;17;Mon
2026.06.09 17:14;2026.06.09 19:38;SHORT;0.10;4321.85;4363.48;4249.12;4248.95;TP;729.00;41.63;1.751;1.751;0.049;144;38.12;20.74;1.838;4623.93;-6.381;17;Tue
2026.06.10 17:49;2026.06.10 23:00;SHORT;0.10;4140.78;4186.14;4053.99;4082.55;CLOSE;582.30;45.36;1.284;1.299;0.049;311;44.05;20.74;2.124;4618.93;-9.512;17;Wed
2026.06.11 17:10;2026.06.11 18:51;SHORT;0.10;4063.26;4092.54;4016.82;4092.69;SL;-294.30;29.28;-1.005;0.335;1.005;101;25.24;22.35;1.130;4606.98;-11.369;17;Thu
2026.06.12 17:33;2026.06.12 18:05;SHORT;0.10;4181.85;4210.12;4128.58;4210.66;SL;-288.10;28.27;-1.019;0.161;1.019;32;27.18;22.79;1.193;4596.07;-8.913;17;Fri
2026.06.15 18:02;2026.06.15 21:02;SHORT;0.10;4352.16;4368.55;4319.38;4318.73;TP;334.30;16.39;2.040;2.040;0.534;179;16.39;22.79;0.719;4586.89;-5.050;18;Mon
2026.06.18 17:01;2026.06.18 23:00;SHORT;0.10;4249.31;4276.56;4199.04;4217.41;CLOSE;319.00;27.25;1.171;1.742;0.244;359;25.84;19.97;1.294;4563.32;-6.722;17;Thu
2026.06.19 17:01;2026.06.22 03:16;SHORT;0.10;4148.77;4167.96;4115.97;4168.18;SL;-190.15;19.19;-1.011;0.627;1.011;3495;17.33;19.97;0.868;4552.16;-8.804;17;Fri
2026.06.29 17:04;2026.06.29 23:00;SHORT;0.10;4026.17;4044.53;3995.96;4016.09;CLOSE;100.80;18.36;0.549;1.377;0.330;356;16.19;26.26;0.617;4468.80;-9.769;17;Mon
2026.07.06 17:08;2026.07.06 18:29;SHORT;0.10;4134.65;4150.38;4111.47;4150.44;SL;-157.90;15.73;-1.004;0.378;1.004;81;12.97;25.54;0.508;4402.18;-5.937;17;Mon
2026.07.07 17:04;2026.07.07 22:11;SHORT;0.10;4155.75;4180.39;4107.28;4106.80;TP;489.50;24.64;1.987;1.987;0.170;307;24.37;25.54;0.954;4391.83;-5.312;17;Tue
2026.07.08 17:05;2026.07.08 17:43;SHORT;0.10;4066.47;4080.27;4039.50;4039.26;TP;272.10;13.80;1.972;1.972;0.183;38;13.59;24.80;0.548;4382.03;-7.103;17;Wed
2026.07.13 17:01;2026.07.13 19:33;SHORT;0.10;4041.85;4063.92;3998.52;3997.95;TP;439.00;22.07;1.989;1.989;0.096;152;21.80;18.87;1.156;4352.73;-7.113;17;Mon
2026.07.14 17:05;2026.07.14 17:34;SHORT;0.10;4073.76;4088.59;4045.96;4088.60;SL;-148.40;14.83;-1.001;0.189;1.001;29;14.21;20.57;0.691;4342.32;-6.119;17;Tue
2026.07.15 17:46;2026.07.15 19:34;SHORT;0.10;4054.59;4066.20;4032.63;4032.49;TP;221.00;11.61;1.904;1.904;0.729;108;11.19;20.57;0.544;4332.22;-6.247;17;Wed
2026.07.20 17:01;2026.07.20 18:09;SHORT;0.10;4004.68;4017.31;3982.27;4018.20;SL;-135.20;12.63;-1.070;0.489;1.070;68;11.68;22.26;0.525;4291.49;-6.658;17;Mon
2026.07.23 17:09;2026.07.23 23:00;SHORT;0.10;4040.51;4067.22;3994.02;4050.22;CLOSE;-97.10;26.71;-0.364;0.001;0.803;351;24.40;18.87;1.293;4253.01;-4.932;17;Thu
2026.07.27 17:29;2026.07.27 19:30;SHORT;0.10;4070.58;4089.44;4032.89;4090.04;SL;-194.60;18.86;-1.032;0.264;1.032;121;18.85;18.87;0.999;4231.26;-3.712;17;Mon
2026.07.28 17:21;2026.07.28 18:10;SHORT;0.10;4018.82;4032.84;3995.16;4033.37;SL;-145.50;14.02;-1.038;0.501;1.038;49;12.56;19.10;0.658;4221.46;-4.724;17;Tue
2026.07.29 17:08;2026.07.29 19:34;SHORT;0.10;4000.66;4017.83;3971.66;4018.03;SL;-173.70;17.17;-1.012;0.264;1.012;146;15.39;18.62;0.827;4212.40;-4.873;17;Wed
2026.07.31 17:09;2026.07.31 17:49;SHORT;0.10;4021.76;4043.72;3978.32;4043.73;SL;-219.70;21.96;-1.000;0.000;1.000;40;21.80;16.89;1.291;4194.08;-4.023;17;Fri
2026.08.04 18:24;2026.08.04 19:49;SHORT;0.10;4075.47;4093.74;4040.52;4093.75;SL;-182.80;18.27;-1.001;0.001;1.001;85;17.74;18.62;0.953;4174.45;-2.163;18;Tue
2026.08.05 17:02;2026.08.05 17:30;LONG;0.10;4208.74;4189.59;4240.83;4240.97;TP;322.30;19.15;1.683;1.683;0.158;28;17.08;18.06;0.945;4165.85;0.960;17;Wed
2026.08.06 17:13;2026.08.06 18:51;LONG;0.10;4274.83;4245.85;4330.57;4245.76;SL;-290.70;28.98;-1.003;0.000;1.003;98;28.24;18.06;1.563;4161.68;2.533;17;Thu
2026.08.10 17:26;2026.08.10 22:24;LONG;0.10;4341.90;4316.69;4386.05;4386.09;TP;441.90;25.21;1.753;1.753;0.000;298;23.12;20.32;1.138;4152.64;3.976;17;Mon
2026.08.12 17:12;2026.08.12 19:45;LONG;0.10;4434.52;4408.58;4484.81;4408.58;SL;-259.40;25.94;-1.000;0.196;1.000;153;25.41;20.70;1.228;4148.31;6.734;17;Wed
2026.08.17 17:18;2026.08.17 23:00;LONG;0.10;4416.56;4384.59;4479.09;4420.03;CLOSE;34.70;31.97;0.109;0.382;0.576;342;31.50;19.29;1.633;4146.23;6.331;17;Mon
2026.08.19 17:08;2026.08.19 23:00;LONG;0.10;4468.40;4442.58;4512.96;4511.18;CLOSE;427.80;25.82;1.657;1.694;0.054;352;23.46;22.46;1.045;4149.43;7.479;17;Wed
2026.08.20 17:24;2026.08.20 18:02;LONG;0.10;4491.57;4469.27;4529.12;4530.77;TP;392.00;22.30;1.758;1.758;0.214;38;19.95;22.46;0.888;4158.45;7.767;17;Thu
2026.08.21 17:22;2026.08.21 20:08;LONG;0.10;4597.21;4573.41;4631.31;4631.39;TP;341.80;23.80;1.436;1.436;0.701;166;19.30;20.87;0.925;4164.58;10.000;17;Fri
2026.08.25 17:08;2026.08.25 22:07;LONG;0.10;4624.19;4605.36;4659.78;4660.02;TP;358.30;18.83;1.903;1.903;0.566;299;18.14;20.87;0.869;4179.13;10.467;17;Tue
2026.08.27 17:44;2026.08.27 23:00;LONG;0.10;4595.34;4565.32;4648.24;4609.52;CLOSE;141.80;30.02;0.472;0.752;0.241;316;27.64;21.68;1.275;4192.41;9.066;17;Thu
2026.09.01 17:15;2026.09.01 20:47;LONG;0.10;4370.52;4341.15;4419.06;4341.15;SL;-293.70;29.37;-1.000;0.171;1.000;212;25.97;23.29;1.115;4211.35;3.659;17;Tue
2026.09.02 17:06;2026.09.02 23:00;LONG;0.10;4389.58;4357.10;4442.15;4391.06;CLOSE;14.80;32.48;0.046;0.244;0.772;354;28.35;24.01;1.181;4215.70;4.024;17;Wed
2026.09.03 18:00;2026.09.03 23:00;LONG;0.10;4485.97;4456.86;4533.18;4475.48;CLOSE;-104.90;29.11;-0.360;0.851;0.459;300;25.44;24.98;1.018;4223.46;5.856;18;Thu
2026.09.04 17:22;2026.09.04 23:00;LONG;0.10;4435.32;4405.59;4492.74;4434.82;CLOSE;-5.00;29.73;-0.017;0.459;0.786;338;29.05;24.98;1.163;4232.39;4.270;17;Fri
2026.09.08 18:12;2026.09.08 19:08;LONG;0.10;4408.31;4390.43;4441.25;4390.40;SL;-179.10;17.88;-1.002;0.051;1.002;56;16.94;24.98;0.678;4247.00;3.498;18;Tue
2026.09.14 17:04;2026.09.14 17:14;SHORT;0.10;4266.13;4281.10;4239.16;4281.37;SL;-152.40;14.97;-1.018;0.065;1.018;10;13.98;24.01;0.582;4268.76;0.092;17;Mon
2026.09.15 17:01;2026.09.15 17:27;LONG;0.10;4298.93;4284.20;4326.50;4284.12;SL;-148.10;14.73;-1.005;0.093;1.005;26;14.10;23.37;0.603;4271.44;0.547;17;Tue
2026.09.17 17:07;2026.09.17 17:56;LONG;0.10;4375.71;4355.40;4411.47;4355.38;SL;-203.30;20.31;-1.001;0.208;1.001;49;18.69;22.42;0.834;4278.99;2.053;17;Thu
2026.09.23 17:18;2026.09.23 23:00;SHORT;0.10;4279.92;4313.37;4215.69;4284.23;CLOSE;-43.10;33.45;-0.129;0.145;0.564;342;32.56;21.20;1.536;4301.44;-0.410;17;Wed
2026.09.24 17:20;2026.09.24 19:16;SHORT;0.10;4264.83;4277.74;4239.10;4277.83;SL;-130.00;12.91;-1.007;1.541;1.007;116;12.88;22.05;0.584;4305.96;-0.891;17;Thu
2026.09.25 17:01;2026.09.25 18:30;SHORT;0.10;4273.26;4284.23;4251.56;4284.60;SL;-113.40;10.97;-1.034;1.666;1.034;89;10.89;20.50;0.531;4311.94;-0.843;17;Fri
