date;weekday;range_low;range_high;width;median;ratio;sma_d1;px_vs_sma_pct;decision;sh_dir;sh_time;sh_entry;sh_sl;sh_tp;sh_exit;sh_outcome;sh_R;sh_mfe_R;sh_mae_R;sh_hit_1R;sh_back_to_entry_after_1R;high_after_range;low_after_range
2020.03.02;Mon;1593.35;1601.73;8.38;0.00;0.000;0.00;0.000;SKIP_WARMUP;SHORT;2020.03.02 17:37;1592.88;1601.73;1576.59;1585.79;FLAT;0.801;1.001;0.985;1;0;1601.48;1583.84
2020.03.03;Tue;1601.80;1606.75;4.95;0.00;0.000;0.00;0.000;SKIP_WARMUP;LONG;2020.03.03 17:01;1615.18;1601.80;1616.65;1616.65;TP;0.110;0.111;0.105;0;0;1649.26;1606.60
2020.03.04;Wed;1638.81;1646.66;7.85;0.00;0.000;0.00;0.000;SKIP_WARMUP;SHORT;2020.03.04 17:21;1638.55;1646.66;1623.11;1638.51;FLAT;0.005;0.565;0.755;0;0;1645.89;1633.79
2020.03.05;Thu;1654.80;1662.54;7.74;0.00;0.000;0.00;0.000;SKIP_WARMUP;-;-;0.00;0.00;0.00;0.00;-;0.000;0.000;0.000;0;0;1674.56;1655.33
2020.03.06;Fri;1677.52;1685.75;8.23;0.00;0.000;0.00;0.000;SKIP_WARMUP;LONG;2020.03.06 17:10;1686.08;1677.52;1702.21;1677.52;SL;-1.000;0.020;1.000;0;0;1692.06;1642.30
2020.03.09;Mon;1666.01;1685.73;19.72;0.00;0.000;0.00;0.000;SKIP_WARMUP;SHORT;2020.03.09 17:14;1665.10;1685.73;1626.57;1677.67;FLAT;-0.609;0.155;0.802;0;0;1681.47;1661.72
2020.03.10;Tue;1651.22;1661.23;10.01;0.00;0.000;0.00;0.000;SKIP_WARMUP;SHORT;2020.03.10 17:15;1650.24;1661.23;1631.20;1661.23;SL;-1.000;0.002;1.000;0;0;1661.74;1641.41
2020.03.11;Wed;1658.48;1663.06;4.58;0.00;0.000;0.00;0.000;SKIP_WARMUP;SHORT;2020.03.11 17:10;1658.25;1663.06;1649.32;1649.32;TP;1.857;1.857;0.459;1;0;1663.03;1632.91
2020.03.12;Thu;1586.01;1610.64;24.63;0.00;0.000;0.00;0.000;SKIP_WARMUP;SHORT;2020.03.12 17:11;1584.92;1610.64;1536.75;1571.65;FLAT;0.516;0.937;0.974;0;0;1609.78;1560.65
2020.03.13;Fri;1566.34;1590.06;23.72;0.00;0.000;0.00;0.000;SKIP_WARMUP;SHORT;2020.03.13 17:56;1564.88;1590.06;1518.90;1518.90;TP;1.826;1.827;0.146;1;0;1581.88;1504.61
2020.03.16;Mon;1451.38;1475.78;24.40;0.00;0.000;0.00;0.000;SKIP_WARMUP;LONG;2020.03.16 17:27;1476.35;1451.38;1524.58;1509.06;FLAT;1.310;1.716;0.032;1;0;1519.21;1464.35
2020.03.17;Tue;1487.37;1503.69;16.32;0.00;0.000;0.00;0.000;SKIP_WARMUP;LONG;2020.03.17 17:05;1505.19;1487.37;1536.33;1536.33;TP;1.747;1.749;0.340;1;0;1553.84;1491.58
2020.03.18;Wed;1499.43;1513.76;14.33;0.00;0.000;0.00;0.000;SKIP_WARMUP;LONG;2020.03.18 17:07;1516.24;1499.43;1542.42;1499.43;SL;-1.000;0.125;1.008;0;0;1518.34;1472.55
2020.03.19;Thu;1467.97;1483.65;15.68;0.00;0.000;0.00;0.000;SKIP_WARMUP;LONG;2020.03.19 17:03;1485.72;1467.97;1515.01;1467.97;SL;-1.000;0.426;1.001;0;0;1493.29;1465.33
2020.03.20;Fri;1485.70;1495.65;9.95;0.00;0.000;0.00;0.000;SKIP_WARMUP;LONG;2020.03.20 17:04;1496.04;1485.70;1515.55;1485.70;SL;-1.000;0.418;1.000;0;0;1500.36;1479.19
2020.03.23;Mon;1511.76;1529.21;17.45;0.00;0.000;0.00;0.000;SKIP_WARMUP;LONG;2020.03.23 17:35;1529.57;1511.76;1564.11;1553.73;FLAT;1.357;1.775;0.191;1;0;1561.18;1520.44
2020.03.24;Tue;1591.18;1613.63;22.45;0.00;0.000;0.00;0.000;SKIP_WARMUP;-;-;0.00;0.00;0.00;0.00;-;0.000;0.000;0.000;0;0;1632.60;1590.67
2020.03.25;Wed;1604.75;1620.08;15.33;0.00;0.000;0.00;0.000;SKIP_WARMUP;-;-;0.00;0.00;0.00;0.00;-;0.000;0.000;0.000;0;0;1617.95;1603.47
2020.03.26;Thu;1623.57;1636.91;13.34;0.00;0.000;0.00;0.000;SKIP_WARMUP;LONG;2020.03.26 17:07;1638.13;1623.57;1663.59;1623.57;SL;-1.000;0.375;1.001;0;0;1643.59;1613.77
2020.03.27;Fri;1617.80;1629.02;11.22;0.00;0.000;0.00;0.000;SKIP_WARMUP;SHORT;2020.03.27 17:07;1617.59;1629.02;1595.36;1629.02;SL;-1.000;0.170;1.000;0;0;1630.82;1615.47
2020.03.30;Mon;1617.56;1623.92;6.36;13.84;0.460;0.00;0.000;SKIP_NARROW;-;-;0.00;0.00;0.00;0.00;-;0.000;0.000;0.000;0;0;1623.76;1610.95
2020.03.31;Tue;1606.81;1611.83;5.02;13.84;0.363;0.00;0.000;SKIP_NARROW;SHORT;2020.03.31 17:12;1606.23;1611.83;1596.77;1611.83;SL;-1.000;0.000;1.000;0;0;1613.30;1575.58
2020.04.01;Wed;1571.56;1583.61;12.05;13.84;0.871;0.00;0.000;NO_BREAKOUT;LONG;2020.04.01 17:17;1584.23;1571.56;1607.71;1588.73;FLAT;0.355;0.777;0.537;0;0;1594.08;1576.50
2020.04.02;Thu;1600.00;1607.91;7.91;13.84;0.572;0.00;0.000;NO_BREAKOUT;LONG;2020.04.02 17:01;1610.31;1600.00;1623.73;1613.93;FLAT;0.351;0.967;0.814;0;0;1620.28;1601.92
2020.04.03;Fri;1612.26;1620.14;7.88;13.84;0.570;0.00;0.000;NO_BREAKOUT;LONG;2020.04.03 17:58;1620.59;1612.26;1635.90;1612.26;SL;-1.000;0.065;1.000;0;0;1625.49;1610.53
2020.04.06;Mon;1636.88;1649.65;12.77;13.84;0.923;0.00;0.000;NO_BREAKOUT;LONG;2020.04.06 17:14;1650.09;1636.88;1675.19;1665.73;FLAT;1.184;1.400;0.505;1;0;1668.58;1643.42
2020.04.07;Tue;1641.60;1650.91;9.31;13.06;0.713;0.00;0.000;NO_BREAKOUT;LONG;2020.04.07 17:17;1652.80;1641.60;1669.53;1657.32;FLAT;0.404;0.465;0.937;0;0;1658.01;1642.30
2020.04.08;Wed;1650.72;1656.29;5.57;13.06;0.427;0.00;0.000;SKIP_NARROW;SHORT;2020.04.08 17:02;1649.53;1656.29;1639.58;1645.47;FLAT;0.601;0.904;0.675;0;0;1652.69;1642.61
2020.04.09;Thu;1675.64;1685.09;9.45;13.06;0.724;0.00;0.000;NO_BREAKOUT;SHORT;2020.04.09 17:20;1673.91;1685.09;1656.74;1685.09;SL;-1.000;0.223;1.000;0;0;1690.17;1671.20
2020.04.13;Mon;1686.65;1692.71;6.06;12.41;0.488;0.00;0.000;SKIP_NARROW;LONG;2020.04.13 17:09;1693.17;1686.65;1704.83;1704.83;TP;1.788;1.788;0.186;1;0;1722.85;1686.34
2020.04.14;Tue;1726.07;1737.80;11.73;11.63;1.008;0.00;0.000;NO_BREAKOUT;LONG;2020.04.14 17:01;1738.01;1726.07;1761.26;1726.07;SL;-1.000;0.793;1.000;0;0;1747.48;1719.70
2020.04.15;Wed;1715.13;1726.21;11.08;11.48;0.966;0.00;0.000;NO_BREAKOUT;-;-;0.00;0.00;0.00;0.00;-;0.000;0.000;0.000;0;0;1725.07;1708.74
2020.04.16;Thu;1718.75;1730.34;11.59;11.15;1.039;0.00;0.000;NO_BREAKOUT;LONG;2020.04.16 17:09;1731.11;1718.75;1753.52;1718.75;SL;-1.000;0.261;1.002;0;0;1734.34;1707.64
2020.04.17;Fri;1695.27;1701.50;6.23;11.15;0.559;0.00;0.000;NO_BREAKOUT;SHORT;2020.04.17 17:03;1694.64;1701.50;1682.81;1682.81;TP;1.724;1.726;0.103;1;1;1701.02;1679.21
2020.04.20;Mon;1684.98;1692.50;7.52;10.51;0.715;0.00;0.000;NO_BREAKOUT;SHORT;2020.04.20 17:09;1684.68;1692.50;1669.94;1692.50;SL;-1.000;0.251;1.005;0;0;1702.45;1682.45
2020.04.21;Tue;1668.03;1684.23;16.20;10.26;1.578;0.00;0.000;NO_BREAKOUT;LONG;2020.04.21 17:23;1687.86;1668.03;1716.63;1684.69;FLAT;-0.160;0.193;0.834;0;0;1691.68;1671.33
2020.04.22;Wed;1704.38;1711.15;6.77;10.26;0.660;0.00;0.000;NO_BREAKOUT;-;-;0.00;0.00;0.00;0.00;-;0.000;0.000;0.000;0;0;1718.50;1704.32
2020.04.23;Thu;1724.21;1733.62;9.41;9.38;1.003;0.00;0.000;NO_BREAKOUT;LONG;2020.04.23 17:06;1733.95;1724.21;1752.44;1724.21;SL;-1.000;0.490;1.001;0;0;1738.72;1720.88
2020.04.24;Fri;1728.35;1736.15;7.80;9.36;0.833;0.00;0.000;NO_BREAKOUT;SHORT;2020.04.24 17:01;1727.24;1736.15;1712.75;1712.75;TP;1.626;1.630;0.022;1;0;1728.88;1710.53
2020.04.27;Mon;1713.24;1722.07;8.83;8.61;1.026;0.00;0.000;NO_BREAKOUT;SHORT;2020.04.27 17:06;1711.53;1722.07;1695.58;1717.48;FLAT;-0.565;0.511;0.651;0;0;1718.21;1705.96
2020.04.28;Tue;1696.18;1710.63;14.45;8.37;1.726;0.00;0.000;NO_BREAKOUT;SHORT;2020.04.28 17:02;1694.69;1710.63;1667.28;1710.63;SL;-1.000;0.183;1.006;0;0;1711.17;1691.60
2020.04.29;Wed;1699.74;1706.47;6.73;9.07;0.742;0.00;0.000;NO_BREAKOUT;-;-;0.00;0.00;0.00;0.00;-;0.000;0.000;0.000;0;0;1717.62;1698.31
2020.04.30;Thu;1698.79;1706.77;7.98;9.07;0.880;0.00;0.000;NO_BREAKOUT;LONG;2020.04.30 17:40;1707.22;1698.79;1722.73;1698.79;SL;-1.000;0.195;1.001;0;0;1708.86;1681.33
2020.05.01;Fri;1677.50;1688.50;11.00;8.40;1.309;0.00;0.000;NO_BREAKOUT;LONG;2020.05.01 18:01;1688.75;1677.50;1710.50;1698.88;FLAT;0.900;1.494;0.173;1;0;1705.56;1677.73
2020.05.04;Mon;1702.27;1710.32;8.05;9.07;0.888;0.00;0.000;NO_BREAKOUT;SHORT;2020.05.04 17:46;1702.22;1710.32;1686.17;1704.54;FLAT;-0.286;0.254;0.796;0;0;1709.86;1699.98
2020.05.05;Tue;1697.09;1705.35;8.26;9.07;0.911;0.00;0.000;NO_BREAKOUT;SHORT;2020.05.05 17:05;1696.49;1705.35;1680.57;1705.35;SL;-1.000;0.228;1.012;0;0;1712.01;1694.29
2020.05.06;Wed;1690.99;1698.16;7.17;8.54;0.839;0.00;0.000;NO_BREAKOUT;SHORT;2020.05.06 17:14;1690.44;1698.16;1676.65;1689.10;FLAT;0.174;1.080;0.298;1;1;1696.59;1681.92
2020.05.07;Thu;1694.19;1699.26;5.07;8.15;0.622;0.00;0.000;NO_BREAKOUT;LONG;2020.05.07 17:01;1699.46;1694.19;1709.40;1709.40;TP;1.886;1.888;0.791;1;0;1722.05;1695.29
2020.05.08;Fri;1711.47;1720.30;8.83;8.15;1.083;179769313486231570814527423731704356798070567525844996598917476803157260780028538760589558632766878171540458953514382464234321326889464182768467546703537516986049910576551282076245490090389328944075868508455133942304583236903222948165808559332123348274797826204144723168738177180919299881250404026184124858368.00;-100.000;SKIP_TREND;LONG;2020.05.08 17:33;1720.62;1711.47;1737.96;1711.47;SL;-1.000;0.102;1.000;0;0;1721.55;1701.52
2020.05.11;Mon;1702.92;1708.33;5.41;8.15;0.663;1643.73;3.695;SKIP_TREND;SHORT;2020.05.11 17:09;1702.23;1708.33;1692.10;1692.10;TP;1.661;1.661;0.103;1;0;1705.03;1691.79
2020.05.12;Tue;1701.94;1709.79;7.85;8.15;0.963;1645.93;3.814;LONG;LONG;2020.05.12 18:01;1710.36;1701.94;1725.49;1701.94;SL;-1.000;0.077;1.000;0;0;1711.01;1698.09
2020.05.13;Wed;1706.32;1711.24;4.92;8.01;0.614;1648.15;3.649;LONG;LONG;2020.05.13 17:28;1711.87;1706.32;1721.08;1717.27;FLAT;0.973;1.108;0.771;1;0;1718.02;1706.88
2020.05.14;Thu;1716.85;1732.49;15.64;7.91;1.976;1649.61;4.998;LONG;LONG;2020.05.14 17:14;1733.18;1716.85;1763.77;1732.70;FLAT;-0.029;0.185;0.276;0;0;1736.20;1728.22
2020.05.15;Fri;1737.12;1743.72;6.60;7.91;0.834;1651.48;5.343;SKIP_TREND;SHORT;2020.05.15 17:02;1736.53;1743.72;1723.92;1743.72;SL;-1.000;0.369;1.000;0;0;1751.63;1733.70
2020.05.18;Mon;1731.25;1749.71;18.46;7.91;2.332;1652.87;4.983;SKIP_TREND;SHORT;2020.05.18 18:26;1730.48;1749.71;1694.33;1732.02;FLAT;-0.080;0.154;0.287;0;0;1743.81;1727.34
2020.05.19;Tue;1737.70;1741.26;3.56;8.01;0.444;1654.03;5.093;SKIP_NARROW;SHORT;2020.05.19 17:05;1737.23;1741.26;1730.58;1741.26;SL;-1.000;0.794;1.000;0;0;1747.92;1733.85
2020.05.20;Wed;1745.33;1752.13;6.80;7.91;0.859;1655.31;5.717;SKIP_TREND;SHORT;2020.05.20 17:36;1744.95;1752.13;1731.73;1752.13;SL;-1.000;0.284;1.003;0;0;1753.90;1742.73
2020.05.21;Thu;1732.07;1739.19;7.12;7.91;0.900;1657.31;4.609;SKIP_TREND;SHORT;2020.05.21 17:01;1731.31;1739.19;1717.83;1717.83;TP;1.711;1.712;0.164;1;0;1733.83;1717.15
2020.05.22;Fri;1731.56;1737.82;6.26;7.83;0.800;1659.16;4.555;NO_BREAKOUT;-;-;0.00;0.00;0.00;0.00;-;0.000;0.000;0.000;0;0;1737.52;1729.96
2020.05.25;Mon;1721.66;1727.96;6.30;7.51;0.839;1662.30;3.810;LONG;LONG;2020.05.25 17:17;1730.27;1721.66;1740.56;1727.11;FLAT;-0.367;0.347;0.449;0;0;1733.26;1725.45
2020.05.26;Tue;1718.02;1728.21;10.19;7.15;1.426;1666.26;3.111;SKIP_TREND;SHORT;2020.05.26 17:03;1716.82;1728.21;1697.64;1711.77;FLAT;0.443;0.690;0.396;0;0;1721.15;1708.78
2020.05.27;Wed;1693.68;1703.54;9.86;7.15;1.380;1670.18;1.797;LONG;LONG;2020.05.27 17:17;1703.95;1693.68;1723.26;1713.34;FLAT;0.914;1.104;0.608;1;0;1715.29;1696.56
2020.05.28;Thu;1720.75;1727.50;6.75;7.51;0.899;1673.76;2.880;SKIP_TREND;SHORT;2020.05.28 17:02;1720.68;1727.50;1707.25;1719.59;FLAT;0.160;1.372;0.562;1;0;1724.33;1711.14
2020.05.29;Fri;1726.23;1731.52;5.29;7.15;0.740;1678.42;2.987;LONG;LONG;2020.05.29 17:26;1732.18;1726.23;1742.10;1731.36;FLAT;-0.138;0.901;0.850;0;0;1737.54;1727.12
2020.06.01;Mon;1732.18;1735.80;3.62;6.96;0.520;1683.54;2.911;SKIP_TREND;SHORT;2020.06.01 17:01;1729.33;1735.80;1724.94;1735.80;SL;-1.000;0.337;1.014;0;0;1741.63;1726.97
2020.06.02;Tue;1741.47;1744.77;3.30;6.78;0.487;1688.37;3.332;SKIP_NARROW;LONG;2020.06.02 17:20;1745.03;1741.47;1751.37;1741.47;SL;-1.000;0.000;1.000;0;0;1745.03;1721.22
2020.06.03;Wed;1704.55;1711.48;6.93;6.68;1.038;1691.84;0.819;SKIP_TREND;SHORT;2020.06.03 17:03;1704.45;1711.48;1690.69;1690.69;TP;1.957;1.983;0.027;1;0;1705.87;1689.02
2020.06.04;Thu;1702.38;1716.31;13.93;6.68;2.087;1693.27;0.845;SKIP_TREND;SHORT;2020.06.04 17:03;1702.17;1716.31;1674.52;1716.31;SL;-1.000;0.035;1.008;0;0;1721.59;1700.22
2020.06.05;Fri;1678.39;1687.84;9.45;6.78;1.395;1695.21;-0.912;SHORT;SHORT;2020.06.05 17:28;1676.47;1687.84;1659.49;1681.29;FLAT;-0.424;0.509;0.708;0;0;1684.34;1670.50
2020.06.08;Mon;1686.16;1692.31;6.15;6.78;0.908;1696.35;-0.366;SKIP_TREND;LONG;2020.06.08 17:18;1692.69;1686.16;1704.61;1698.20;FLAT;0.844;1.300;0.515;1;0;1701.18;1688.55
2020.06.09;Tue;1712.72;1719.81;7.09;6.78;1.046;1697.76;1.235;LONG;LONG;2020.06.09 17:26;1720.43;1712.72;1733.99;1712.72;SL;-1.000;0.032;1.000;0;0;1720.68;1711.66
2020.06.10;Wed;1720.61;1725.28;4.67;6.78;0.689;1699.61;1.426;LONG;LONG;2020.06.10 17:17;1726.17;1720.61;1734.62;1720.61;SL;-1.000;0.167;1.004;0;0;1739.65;1707.62
2020.06.11;Thu;1734.29;1739.21;4.92;6.78;0.726;1702.91;2.054;LONG;LONG;2020.06.11 17:02;1739.83;1734.29;1749.05;1734.29;SL;-1.000;0.850;1.002;0;0;1744.54;1722.68
2020.06.12;Fri;1737.79;1743.05;5.26;6.68;0.788;1705.60;2.086;SKIP_TREND;SHORT;2020.06.12 17:02;1735.73;1743.05;1727.27;1731.19;FLAT;0.620;0.919;0.762;0;0;1741.76;1728.82
2020.06.15;Mon;1703.90;1709.04;5.14;6.52;0.788;1707.95;0.003;LONG;LONG;2020.06.15 17:01;1709.51;1703.90;1719.32;1719.32;TP;1.749;1.749;0.326;1;0;1728.41;1707.68
2020.06.16;Tue;1720.32;1726.81;6.49;6.28;1.033;1710.11;0.806;SKIP_TREND;SHORT;2020.06.16 17:03;1719.79;1726.81;1707.34;1726.81;SL;-1.000;0.483;1.000;0;0;1730.48;1716.22
2020.06.17;Wed;1721.02;1725.40;4.38;6.39;0.685;1711.39;0.768;LONG;LONG;2020.06.17 17:36;1725.64;1721.02;1734.16;1729.09;FLAT;0.747;0.998;0.569;0;0;1730.25;1722.36
2020.06.18;Thu;1722.30;1726.52;4.22;6.28;0.672;1712.94;0.560;SKIP_TREND;SHORT;2020.06.18 17:01;1721.41;1726.52;1713.86;1724.68;FLAT;-0.640;0.742;0.845;0;0;1725.41;1717.33
2020.06.19;Fri;1732.16;1735.59;3.43;6.20;0.553;1714.50;1.163;LONG;LONG;2020.06.19 17:12;1736.13;1732.16;1742.45;1742.45;TP;1.592;1.592;0.186;1;0;1745.17;1733.22
2020.06.22;Mon;1754.47;1761.84;7.37;5.72;1.288;1715.74;2.551;LONG;LONG;2020.06.22 17:09;1762.03;1754.47;1776.58;1754.47;SL;-1.000;0.140;1.001;0;0;1763.09;1749.35
2020.06.23;Tue;1760.79;1766.33;5.54;5.72;0.969;1716.59;2.831;LONG;LONG;2020.06.23 17:03;1766.84;1760.79;1777.41;1769.93;FLAT;0.511;0.621;0.787;0;0;1770.60;1762.08
2020.06.24;Wed;1762.08;1772.49;10.41;5.41;1.922;1717.37;2.971;LONG;LONG;2020.06.24 17:42;1773.22;1762.08;1793.31;1762.08;SL;-1.000;0.241;1.001;0;0;1775.90;1760.36
2020.06.25;Thu;1760.20;1764.65;4.45;5.41;0.822;1718.27;2.538;SKIP_TREND;SHORT;2020.06.25 17:01;1759.87;1764.65;1751.30;1764.65;SL;-1.000;0.563;1.008;0;0;1764.62;1757.00
2020.06.26;Fri;1749.39;1756.08;6.69;5.27;1.268;1719.21;1.778;SKIP_TREND;SHORT;2020.06.26 17:02;1748.84;1756.08;1736.01;1756.08;SL;-1.000;0.182;1.000;0;0;1771.97;1747.34
2020.06.29;Mon;1769.50;1772.89;3.39;5.40;0.628;1720.96;2.935;SKIP_TREND;SHORT;2020.06.29 17:06;1769.38;1772.89;1762.72;1772.89;SL;-1.000;0.057;1.009;0;0;1774.02;1767.22
2020.06.30;Tue;1767.78;1771.62;3.84;5.40;0.711;1722.51;2.813;LONG;LONG;2020.06.30 17:13;1772.01;1767.78;1779.30;1779.30;TP;1.723;1.723;0.066;1;0;1785.76;1768.55
2020.07.01;Wed;1763.54;1776.97;13.43;5.40;2.487;1724.41;2.487;SKIP_TREND;SHORT;2020.07.01 17:34;1762.88;1776.97;1736.68;1772.61;FLAT;-0.691;0.269;0.728;0;0;1772.96;1758.91
2020.07.02;Thu;1765.99;1774.27;8.28;5.40;1.533;1725.54;2.779;LONG;LONG;2020.07.02 17:01;1775.42;1765.99;1790.83;1775.71;FLAT;0.031;0.431;0.348;0;0;1779.48;1772.14
2020.07.03;Fri;1773.30;1775.88;2.58;5.40;0.478;1726.42;2.746;SKIP_NARROW;-;-;0.00;0.00;0.00;0.00;-;0.000;0.000;0.000;0;0;1776.19;1772.58
2020.07.06;Mon;1783.25;1786.91;3.66;5.20;0.704;1727.32;3.292;SKIP_TREND;SHORT;2020.07.06 17:12;1782.69;1786.91;1775.93;1786.91;SL;-1.000;0.796;1.005;0;0;1786.98;1779.15
2020.07.07;Tue;1780.40;1786.28;5.88;5.03;1.169;1728.72;3.246;LONG;LONG;2020.07.07 17:01;1787.16;1780.40;1798.04;1796.99;FLAT;1.454;1.494;0.050;1;0;1797.26;1784.84
2020.07.08;Wed;1808.87;1815.14;6.27;5.03;1.247;1730.45;4.613;LONG;LONG;2020.07.08 17:24;1815.85;1808.87;1827.68;1808.87;SL;-1.000;0.318;1.016;0;0;1818.07;1806.48
2020.07.09;Thu;1809.34;1813.93;4.59;5.20;0.883;1732.36;4.597;LONG;LONG;2020.07.09 17:04;1814.67;1809.34;1823.11;1809.34;SL;-1.000;0.143;1.000;0;0;1815.43;1795.26
2020.07.10;Fri;1803.38;1810.08;6.70;5.20;1.288;1734.69;3.960;SKIP_TREND;SHORT;2020.07.10 17:01;1802.45;1810.08;1789.98;1799.67;FLAT;0.364;1.068;0.585;1;0;1806.53;1793.97
2020.07.13;Mon;1807.06;1813.35;6.29;5.34;1.178;1736.67;4.195;SKIP_TREND;SHORT;2020.07.13 17:21;1806.97;1813.35;1794.48;1802.51;FLAT;0.699;1.009;0.762;1;0;1811.65;1800.35
2020.07.14;Tue;1796.52;1802.37;5.85;5.71;1.025;1738.67;3.556;LONG;LONG;2020.07.14 17:11;1803.33;1796.52;1814.07;1810.19;FLAT;1.007;1.103;0.407;1;0;1810.84;1800.14
2020.07.15;Wed;1802.29;1807.40;5.11;5.69;0.897;1740.77;3.626;LONG;LONG;2020.07.15 17:18;1808.59;1802.29;1817.62;1812.02;FLAT;0.544;0.732;0.384;0;0;1813.20;1803.68
2020.07.16;Thu;1805.55;1807.90;2.35;5.69;0.413;1743.25;3.617;SKIP_NARROW;LONG;2020.07.16 17:30;1808.16;1805.55;1812.60;1805.55;SL;-1.000;0.230;1.000;0;0;1808.76;1794.79
2020.07.17;Fri;1805.04;1808.47;3.43;5.69;0.602;1744.88;3.573;LONG;LONG;2020.07.17 17:07;1808.98;1805.04;1815.33;1810.08;FLAT;0.279;0.739;0.904;0;0;1811.89;1805.42
2020.07.20;Mon;1811.81;1817.54;5.73;5.69;1.006;1747.04;3.882;LONG;LONG;2020.07.20 17:32;1817.82;1811.81;1829.00;1818.16;FLAT;0.057;0.448;0.539;0;0;1820.51;1814.58
2020.07.21;Tue;1833.92;1839.60;5.68;5.63;1.008;1749.45;5.113;LONG;LONG;2020.07.21 17:03;1840.09;1833.92;1850.96;1840.90;FLAT;0.131;0.536;0.831;0;0;1843.40;1834.96
2020.07.22;Wed;1848.96;1856.60;7.64;5.70;1.339;1752.28;5.909;LONG;LONG;2020.07.22 17:18;1856.89;1848.96;1871.88;1868.39;FLAT;1.450;1.705;0.459;1;0;1870.41;1851.66
2020.07.23;Thu;1869.69;1881.22;11.53;5.70;2.021;1755.40;7.159;LONG;LONG;2020.07.23 17:29;1882.13;1869.69;1904.28;1886.06;FLAT;0.316;1.301;0.259;1;1;1898.31;1877.44
2020.07.24;Fri;1897.76;1906.01;8.25;5.79;1.425;1758.53;8.152;NO_BREAKOUT;-;-;0.00;0.00;0.00;0.00;-;0.000;0.000;0.000;0;0;1903.90;1897.21
2020.07.27;Mon;1932.20;1943.75;11.55;5.79;1.995;1761.72;10.108;LONG;LONG;2020.07.27 17:46;1944.50;1932.20;1966.85;1932.20;SL;-1.000;0.088;1.000;0;0;1945.58;1931.61
2020.07.28;Tue;1930.88;1939.46;8.58;5.86;1.463;1765.88;9.569;LONG;LONG;2020.07.28 17:11;1941.59;1930.88;1956.62;1956.62;TP;1.403;1.408;0.093;1;0;1961.08;1934.33
2020.07.29;Wed;1949.54;1962.03;12.49;6.08;2.056;1770.12;10.328;SKIP_TREND;SHORT;2020.07.29 17:15;1941.84;1962.03;1924.56;1962.03;SL;-1.000;0.018;1.000;0;0;1980.80;1941.29
2020.07.30;Thu;1951.37;1961.80;10.43;6.08;1.717;1774.54;10.187;SKIP_TREND;SHORT;2020.07.30 17:19;1950.89;1961.80;1930.51;1956.16;FLAT;-0.483;1.031;0.502;1;1;1958.22;1939.46
2020.07.31;Fri;1959.74;1969.08;9.34;6.08;1.537;1779.10;10.570;LONG;LONG;2020.07.31 17:10;1970.74;1959.74;1987.76;1974.05;FLAT;0.301;0.559;0.630;0;0;1976.89;1963.81
2020.08.03;Mon;1961.66;1971.33;9.67;6.28;1.540;1783.93;10.089;SKIP_TREND;SHORT;2020.08.03 17:02;1961.45;1971.33;1942.32;1971.33;SL;-1.000;0.080;1.000;0;0;1977.64;1960.40
2020.08.04;Tue;1971.24;1977.04;5.80;6.49;0.893;1788.89;10.466;LONG;LONG;2020.08.04 17:07;1977.41;1971.24;1988.64;1988.64;TP;1.820;1.820;0.094;1;0;2017.48;1975.18
2020.08.05;Wed;2035.54;2048.03;12.49;6.49;1.923;1795.07;14.003;LONG;LONG;2020.08.05 17:25;2048.53;2035.54;2073.01;2035.54;SL;-1.000;0.549;1.000;0;0;2055.66;2028.66
2020.08.06;Thu;2056.91;2067.86;10.95;7.17;1.527;1801.67;14.714;LONG;LONG;2020.08.06 17:06;2068.46;2056.91;2089.76;2056.91;SL;-1.000;0.097;1.000;0;0;2069.58;2049.23
2020.08.07;Fri;2043.34;2054.25;10.91;7.94;1.373;1808.52;13.138;SKIP_TREND;SHORT;2020.08.07 17:02;2042.08;2054.25;2021.52;2021.52;TP;1.689;1.690;0.074;1;0;2046.39;2015.44
2020.08.10;Mon;2034.01;2047.84;13.83;8.41;1.643;1814.63;12.825;LONG;LONG;2020.08.10 17:09;2048.86;2034.01;2075.50;2034.01;SL;-1.000;0.064;1.002;0;0;2049.81;2019.30
2020.08.11;Tue;1942.38;1958.21;15.83;8.96;1.767;1820.39;6.738;SKIP_TREND;SHORT;2020.08.11 17:01;1940.76;1958.21;1910.72;1910.72;TP;1.721;1.722;0.865;1;0;1955.61;1909.83
2020.08.12;Wed;1933.04;1945.43;12.39;9.50;1.304;1823.99;6.241;SKIP_TREND;SHORT;2020.08.12 17:04;1932.35;1945.43;1908.26;1945.43;SL;-1.000;0.360;1.000;0;0;1949.14;1906.52
2020.08.13;Thu;1930.54;1942.47;11.93;10.05;1.187;1828.32;6.149;LONG;LONG;2020.08.13 17:02;1943.02;1930.54;1966.33;1952.59;FLAT;0.767;1.859;0.450;1;1;1966.22;1937.40
2020.08.14;Fri;1947.47;1955.83;8.36;10.67;0.784;1833.10;6.267;SKIP_TREND;SHORT;2020.08.14 17:01;1945.39;1955.83;1930.75;1943.14;FLAT;0.216;1.245;0.370;1;1;1949.07;1932.21
2020.08.17;Mon;1965.43;1973.27;7.84;10.67;0.735;1838.28;7.312;LONG;LONG;2020.08.17 17:01;1974.19;1965.43;1988.95;1988.95;TP;1.685;1.687;0.066;1;0;1990.61;1972.35
2020.08.18;Tue;2008.07;2015.58;7.51;10.67;0.704;1843.91;8.930;SKIP_TREND;SHORT;2020.08.18 17:01;2007.51;2015.58;1993.05;1993.05;TP;1.792;1.793;0.123;1;0;2010.06;1984.50
2020.08.19;Wed;1982.54;1995.32;12.78;10.67;1.198;1849.65;7.310;SKIP_TREND;SHORT;2020.08.19 17:39;1982.11;1995.32;1956.98;1956.98;TP;1.902;1.902;0.051;1;0;1990.04;1934.58
2020.08.20;Thu;1926.03;1935.97;9.94;10.93;0.909;1853.46;4.224;LONG;LONG;2020.08.20 17:21;1937.84;1926.03;1955.85;1952.47;FLAT;1.239;1.449;0.264;1;1;1954.95;1927.37
2020.08.21;Fri;1926.30;1939.68;13.38;10.67;1.254;1857.85;3.908;SKIP_TREND;SHORT;2020.08.21 17:03;1926.09;1939.68;1899.54;1939.68;SL;-1.000;0.319;1.000;0;0;1945.75;1921.58
2020.08.24;Mon;1937.85;1947.38;9.53;10.93;0.872;1862.06;4.079;SKIP_TREND;SHORT;2020.08.24 17:01;1937.70;1947.38;1918.79;1927.27;FLAT;1.077;1.433;0.886;1;0;1946.09;1923.60
2020.08.25;Tue;1921.59;1928.64;7.05;10.67;0.661;1866.13;3.059;SKIP_TREND;SHORT;2020.08.25 17:01;1920.85;1928.64;1907.49;1928.64;SL;-1.000;0.837;1.000;0;0;1929.41;1914.15
2020.08.26;Wed;1918.19;1935.98;17.79;10.67;1.667;1870.17;3.468;LONG;LONG;2020.08.26 17:27;1937.66;1918.19;1971.56;1952.10;FLAT;0.742;0.847;0.254;0;0;1954.16;1927.14
2020.08.27;Thu;1931.49;1971.11;39.62;10.67;3.713;1874.70;3.523;SKIP_TREND;SHORT;2020.08.27 17:03;1926.43;1971.11;1852.25;1930.00;FLAT;-0.080;0.370;0.198;0;0;1940.80;1909.70
2020.08.28;Fri;1954.16;1960.75;6.59;10.93;0.603;1878.85;4.285;SKIP_TREND;SHORT;2020.08.28 17:09;1952.89;1960.75;1940.98;1960.75;SL;-1.000;0.014;1.000;0;0;1973.76;1952.60
2020.08.31;Mon;1965.85;1972.19;6.34;10.93;0.580;1883.27;4.548;LONG;LONG;2020.08.31 17:04;1972.44;1965.85;1984.87;1965.85;SL;-1.000;0.231;1.000;0;0;1974.95;1961.96
2020.09.01;Tue;1978.66;1990.56;11.90;10.93;1.089;1887.52;5.063;SKIP_TREND;SHORT;2020.09.01 17:01;1975.93;1990.56;1954.86;1970.34;FLAT;0.382;0.878;0.254;0;0;1983.08;1962.90
2020.09.02;Wed;1946.33;1957.60;11.27;11.43;0.986;1891.57;3.031;SKIP_TREND;SHORT;2020.09.02 17:14;1945.03;1957.60;1923.79;1943.99;FLAT;0.083;0.987;0.136;0;0;1952.61;1932.44
2020.09.03;Thu;1937.03;1945.90;8.87;11.11;0.798;1895.21;2.529;SKIP_TREND;SHORT;2020.09.03 17:19;1935.98;1945.90;1919.29;1929.38;FLAT;0.665;1.413;0.723;1;1;1945.63;1921.78
2020.09.04;Fri;1924.08;1931.71;7.63;11.09;0.688;1898.56;1.462;SKIP_TREND;SHORT;2020.09.04 17:06;1923.64;1931.71;1908.82;1931.71;SL;-1.000;0.781;1.001;0;0;1938.60;1917.15
2020.09.07;Mon;1928.83;1932.00;3.17;10.61;0.299;1901.82;1.439;SKIP_NARROW;SHORT;2020.09.07 17:01;1928.19;1932.00;1922.49;1931.11;FLAT;-0.766;0.982;0.887;0;0;1931.27;1924.24
2020.09.08;Tue;1906.28;1915.50;9.22;9.74;0.947;1904.94;0.419;LONG;LONG;2020.09.08 17:11;1915.77;1906.28;1933.94;1933.94;TP;1.915;1.915;0.019;1;0;1940.84;1909.81
2020.09.09;Wed;1939.80;1948.33;8.53;9.38;0.910;1907.98;2.063;NO_BREAKOUT;-;-;0.00;0.00;0.00;0.00;-;0.000;0.000;0.000;0;0;1950.77;1940.73
2020.09.10;Thu;1957.54;1964.63;7.09;9.05;0.784;1911.51;2.664;LONG;LONG;2020.09.10 17:04;1964.86;1957.54;1978.81;1957.54;SL;-1.000;0.210;1.001;0;0;1966.40;1941.31
2020.09.11;Fri;1946.43;1954.68;8.25;8.70;0.948;1914.92;1.902;NO_BREAKOUT;-;-;0.00;0.00;0.00;0.00;-;0.000;0.000;0.000;0;0;1952.53;1938.13
2020.09.14;Mon;1954.25;1959.36;5.11;8.70;0.587;1918.26;2.083;LONG;LONG;2020.09.14 17:11;1959.54;1954.25;1969.58;1954.25;SL;-1.000;0.561;1.002;0;0;1962.51;1953.07
2020.09.15;Tue;1953.24;1966.73;13.49;8.70;1.551;1921.72;1.788;SKIP_TREND;SHORT;2020.09.15 17:01;1952.74;1966.73;1926.26;1953.71;FLAT;-0.069;0.312;0.446;0;0;1958.77;1948.19
2020.09.16;Wed;1962.44;1969.97;7.53;9.05;0.833;1924.90;2.004;SKIP_TREND;SHORT;2020.09.16 17:01;1962.32;1969.97;1947.38;1969.97;SL;-1.000;0.744;1.003;0;0;1970.12;1952.59
2020.09.17;Thu;1932.64;1941.85;9.21;8.70;1.059;1927.93;0.637;LONG;LONG;2020.09.17 17:06;1942.58;1932.64;1960.27;1948.11;FLAT;0.556;0.695;0.312;0;0;1949.49;1937.63
2020.09.18;Fri;1944.98;1950.89;5.91;8.70;0.679;1930.75;0.828;LONG;LONG;2020.09.18 17:17;1952.19;1944.98;1962.71;1950.64;FLAT;-0.215;1.087;0.362;1;1;1960.03;1945.97
2020.09.21;Mon;1911.55;1920.07;8.52;8.39;1.015;1933.78;-1.116;SHORT;SHORT;2020.09.21 17:01;1910.49;1920.07;1894.51;1894.51;TP;1.668;1.668;0.486;1;0;1914.97;1882.09
2020.09.22;Tue;1905.32;1917.14;11.82;8.38;1.410;1935.98;-1.567;SHORT;SHORT;2020.09.22 17:43;1905.03;1917.14;1881.68;1902.60;FLAT;0.201;0.672;0.181;0;0;1916.07;1896.71
2020.09.23;Wed;1876.96;1887.83;10.87;8.52;1.275;1937.80;-3.110;SHORT;SHORT;2020.09.23 17:01;1875.42;1887.83;1855.22;1862.16;FLAT;1.068;1.591;0.034;1;0;1877.58;1855.50
2020.09.24;Thu;1850.73;1861.25;10.52;8.52;1.234;1938.89;-4.037;SKIP_TREND;LONG;2020.09.24 17:02;1862.08;1850.73;1882.29;1868.52;FLAT;0.567;1.316;0.721;1;1;1877.02;1853.90
2020.09.25;Fri;1856.74;1864.24;7.50;8.52;0.880;1940.32;-3.976;SHORT;SHORT;2020.09.25 17:09;1855.56;1864.24;1841.74;1864.24;SL;-1.000;0.391;1.006;0;0;1866.74;1852.16
2020.09.28;Mon;1865.46;1877.04;11.58;8.52;1.358;1941.35;-3.808;SHORT;SHORT;2020.09.28 17:50;1865.16;1877.04;1842.30;1877.04;SL;-1.000;0.015;1.003;0;0;1882.89;1864.58
2020.09.29;Tue;1885.08;1889.35;4.27;8.70;0.491;1942.63;-2.908;SKIP_NARROW;LONG;2020.09.29 17:18;1889.57;1885.08;1897.89;1897.89;TP;1.853;1.869;0.976;1;0;1899.05;1884.12
2020.09.30;Wed;1881.47;1892.76;11.29;8.52;1.324;1943.73;-2.995;SKIP_TREND;LONG;2020.09.30 18:04;1893.81;1881.47;1915.34;1886.32;FLAT;-0.607;0.681;0.706;0;0;1902.21;1883.88
2020.10.01;Thu;1901.36;1906.73;5.37;8.52;0.630;1944.03;-2.148;SHORT;SHORT;2020.10.01 17:04;1900.36;1906.73;1890.62;1906.73;SL;-1.000;0.620;1.000;0;0;1912.20;1896.23
2020.10.02;Fri;1898.01;1905.54;7.53;8.38;0.898;1944.40;-2.135;SKIP_TREND;LONG;2020.10.02 17:09;1906.39;1898.01;1920.60;1901.57;FLAT;-0.575;0.395;0.946;0;0;1909.70;1898.46
2020.10.05;Mon;1905.52;1910.47;4.95;8.38;0.590;1944.36;-1.826;SKIP_TREND;LONG;2020.10.05 17:06;1911.81;1905.52;1920.37;1910.74;FLAT;-0.170;1.095;0.293;1;1;1918.70;1907.95
2020.10.06;Tue;1911.69;1920.96;9.27;8.38;1.106;1943.80;-1.476;SHORT;SHORT;2020.10.06 17:45;1911.64;1920.96;1893.15;1893.15;TP;1.984;1.984;0.630;1;0;1917.99;1886.53
2020.10.07;Wed;1882.87;1889.64;6.77;8.38;0.807;1942.22;-3.039;SHORT;SHORT;2020.10.07 17:11;1882.73;1889.64;1869.33;1887.28;FLAT;-0.658;0.501;0.894;0;0;1888.73;1879.09
2020.10.08;Thu;1894.23;1900.64;6.41;7.89;0.812;1940.55;-2.375;SHORT;SHORT;2020.10.08 17:01;1890.74;1900.64;1881.41;1894.37;FLAT;-0.367;0.882;0.386;0;0;1894.54;1881.83
2020.10.09;Fri;1916.50;1924.79;8.29;7.89;1.051;1939.29;-0.828;SKIP_TREND;LONG;2020.10.09 17:02;1925.35;1916.50;1941.37;1928.70;FLAT;0.379;0.477;0.671;0;0;1929.57;1919.41
2020.10.12;Mon;1919.56;1924.65;5.09;7.91;0.643;1938.40;-0.744;SKIP_TREND;LONG;2020.10.12 17:03;1925.15;1919.56;1934.83;1919.56;SL;-1.000;0.104;1.068;0;0;1925.73;1919.05
2020.10.13;Tue;1893.07;1902.26;9.19;7.91;1.162;1937.32;-2.140;SHORT;SHORT;2020.10.13 17:01;1891.90;1902.26;1874.69;1893.10;FLAT;-0.116;0.541;0.364;0;0;1896.00;1886.29
2020.10.14;Wed;1904.72;1912.83;8.11;7.91;1.025;1934.75;-1.167;NO_BREAKOUT;-;-;0.00;0.00;0.00;0.00;-;0.000;0.000;0.000;0;0;1912.62;1899.12
2020.10.15;Thu;1891.73;1902.15;10.42;8.20;1.271;1932.02;-1.885;SKIP_TREND;LONG;2020.10.15 18:16;1902.61;1891.73;1922.99;1906.51;FLAT;0.358;0.543;0.172;0;0;1908.52;1891.76
2020.10.16;Fri;1903.86;1910.47;6.61;8.20;0.806;1928.95;-1.201;SHORT;SHORT;2020.10.16 17:33;1903.55;1910.47;1890.64;1899.52;FLAT;0.582;0.832;0.210;0;0;1909.41;1897.61
2020.10.19;Mon;1906.81;1912.20;5.39;8.20;0.657;1926.22;-0.989;SHORT;SHORT;2020.10.19 17:01;1905.81;1912.20;1896.03;1900.92;FLAT;0.765;0.803;0.743;0;0;1910.29;1900.50
2020.10.20;Tue;1899.18;1904.47;5.29;7.82;0.676;1923.77;-1.201;SHORT;SHORT;2020.10.20 17:03;1898.57;1904.47;1888.60;1904.47;SL;-1.000;0.019;1.015;0;0;1914.02;1897.36
2020.10.21;Wed;1922.24;1926.42;4.18;7.51;0.556;1923.74;0.119;LONG;LONG;2020.10.21 17:05;1926.82;1922.24;1934.78;1922.24;SL;-1.000;1.002;1.000;1;1;1931.41;1919.95
2020.10.22;Thu;1900.64;1907.29;6.65;7.14;0.932;1923.92;-1.166;SHORT;SHORT;2020.10.22 17:01;1900.24;1907.29;1887.34;1905.36;FLAT;-0.726;0.840;0.791;0;0;1905.59;1894.14
2020.10.23;Fri;1902.95;1909.05;6.10;6.71;0.909;1922.94;-1.035;SHORT;SHORT;2020.10.23 17:23;1901.42;1909.05;1890.75;1903.79;FLAT;-0.311;0.948;0.531;0;0;1906.84;1894.18
2020.10.26;Mon;1901.96;1906.66;4.70;6.63;0.709;1922.09;-0.885;SKIP_TREND;LONG;2020.10.26 17:03;1907.43;1901.96;1916.06;1901.96;SL;-1.000;0.201;1.000;0;0;1908.53;1898.77
2020.10.27;Tue;1902.00;1906.85;4.85;6.51;0.745;1920.53;-0.723;SKIP_TREND;LONG;2020.10.27 17:02;1907.37;1902.00;1916.55;1907.61;FLAT;0.045;0.724;0.523;0;0;1911.26;1904.56
2020.10.28;Wed;1872.97;1881.98;9.01;6.51;1.384;1918.65;-2.213;SHORT;SHORT;2020.10.28 17:54;1871.27;1881.98;1854.95;1881.98;SL;-1.000;0.173;1.005;0;0;1884.15;1869.24
2020.10.29;Thu;1862.83;1873.81;10.98;6.51;1.687;1917.62;-2.393;SKIP_TREND;LONG;2020.10.29 17:04;1874.53;1862.83;1895.77;1869.10;FLAT;-0.464;0.183;0.774;0;0;1876.67;1865.48
2020.10.30;Fri;1883.25;1889.73;6.48;6.63;0.977;1916.05;-1.618;SHORT;SHORT;2020.10.30 17:06;1883.09;1889.73;1870.29;1877.84;FLAT;0.791;1.248;0.322;1;0;1885.55;1874.60
2020.11.02;Mon;1888.14;1892.06;3.92;6.55;0.599;1914.81;-1.292;SHORT;SHORT;2020.11.02 17:08;1888.00;1892.06;1880.30;1892.06;SL;-1.000;0.086;1.000;0;0;1895.72;1887.44
2020.11.03;Tue;1899.74;1907.24;7.50;6.55;1.146;1914.14;-0.716;SKIP_TREND;LONG;2020.11.03 17:09;1907.47;1899.74;1922.24;1906.03;FLAT;-0.186;0.387;0.633;0;0;1910.46;1900.38
2020.11.04;Wed;1896.08;1908.15;12.07;6.55;1.844;1913.76;-0.586;SKIP_TREND;LONG;2020.11.04 17:35;1909.12;1896.08;1932.29;1896.08;SL;-1.000;0.042;1.002;0;0;1909.67;1893.11
2020.11.05;Thu;1928.17;1933.97;5.80;6.55;0.886;1912.75;1.027;LONG;LONG;2020.11.05 17:01;1935.77;1928.17;1945.57;1945.57;TP;1.289;1.318;0.092;1;0;1952.68;1932.39
2020.11.06;Fri;1941.37;1954.88;13.51;6.55;2.064;1913.14;1.496;NO_BREAKOUT;-;-;0.00;0.00;0.00;0.00;-;0.000;0.000;0.000;0;0;1955.19;1941.08
2020.11.09;Mon;1859.65;1880.40;20.75;6.55;3.170;1912.88;-2.598;SHORT;SHORT;2020.11.09 17:45;1858.18;1880.40;1818.15;1865.72;FLAT;-0.339;0.347;0.526;0;0;1870.77;1850.29
2020.11.10;Tue;1877.89;1884.52;6.63;6.63;1.000;1910.61;-1.518;SKIP_TREND;LONG;2020.11.10 17:17;1884.94;1877.89;1897.78;1877.89;SL;-1.000;0.013;1.000;0;0;1885.32;1872.10
2020.11.11;Wed;1860.14;1867.80;7.66;6.62;1.157;1908.75;-2.478;SHORT;SHORT;2020.11.11 17:03;1859.63;1867.80;1844.82;1863.86;FLAT;-0.518;0.075;0.891;0;0;1866.67;1858.80
2020.11.12;Thu;1874.59;1880.28;5.69;6.62;0.860;1907.25;-1.456;SKIP_TREND;LONG;2020.11.12 17:14;1880.61;1874.59;1891.66;1874.59;SL;-1.000;0.527;1.000;0;0;1883.78;1873.95
2020.11.13;Fri;1890.64;1893.78;3.14;6.55;0.480;1906.17;-0.784;SKIP_NARROW;SHORT;2020.11.13 17:12;1889.58;1893.78;1884.36;1893.78;SL;-1.000;0.445;1.002;0;0;1894.64;1884.53
2020.11.16;Mon;1886.74;1891.36;4.62;6.29;0.734;1905.29;-0.926;SKIP_TREND;LONG;2020.11.16 18:20;1891.97;1886.74;1900.60;1886.74;SL;-1.000;0.757;1.004;0;0;1895.93;1885.03
2020.11.17;Tue;1886.06;1890.87;4.81;6.29;0.765;1904.50;-0.728;SHORT;SHORT;2020.11.17 17:33;1885.88;1890.87;1876.44;1881.31;FLAT;0.916;1.782;0.715;1;0;1890.77;1876.81
2020.11.18;Wed;1875.58;1880.10;4.52;6.29;0.719;1903.46;-1.460;SKIP_TREND;LONG;2020.11.18 17:22;1880.39;1875.58;1889.14;1875.58;SL;-1.000;0.911;1.000;0;0;1884.77;1868.92
2020.11.19;Thu;1856.20;1859.79;3.59;6.29;0.571;1901.97;-2.284;SKIP_TREND;LONG;2020.11.19 17:08;1860.49;1856.20;1866.97;1866.97;TP;1.510;1.510;0.517;1;0;1867.54;1857.06
2020.11.20;Fri;1874.54;1878.67;4.13;5.95;0.694;1900.41;-1.312;SKIP_TREND;LONG;2020.11.20 17:09;1878.88;1874.54;1886.93;1874.54;SL;-1.000;0.184;1.002;0;0;1879.69;1871.23
2020.11.23;Mon;1840.96;1867.72;26.76;5.75;4.658;1899.03;-3.025;SHORT;SHORT;2020.11.23 17:01;1838.93;1867.72;1787.44;1836.12;FLAT;0.098;0.275;0.157;0;0;1843.27;1830.84
2020.11.24;Tue;1801.59;1808.54;6.95;6.14;1.132;1896.65;-4.816;SHORT;SHORT;2020.11.24 17:24;1801.31;1808.54;1787.69;1807.50;FLAT;-0.856;0.131;0.990;0;0;1808.29;1800.14
2020.11.25;Wed;1810.78;1817.63;6.85;6.55;1.045;1893.72;-4.253;SHORT;SHORT;2020.11.25 17:20;1810.34;1817.63;1797.08;1806.90;FLAT;0.472;0.850;0.462;0;0;1813.75;1803.96
2020.11.26;Thu;1805.68;1814.07;8.39;6.55;1.280;1890.70;-4.405;NO_BREAKOUT;-;-;0.00;0.00;0.00;0.00;-;0.000;0.000;0.000;0;0;1811.92;1806.45
2020.11.27;Fri;1777.48;1783.83;6.35;6.55;0.969;1888.02;-5.780;SKIP_TREND;LONG;2020.11.27 17:31;1784.07;1777.48;1796.53;1785.74;FLAT;0.253;0.686;0.379;0;0;1788.59;1777.88
2020.11.30;Mon;1769.36;1778.62;9.26;6.49;1.427;1884.76;-5.663;SKIP_TREND;LONG;2020.11.30 18:24;1779.48;1769.36;1797.14;1776.38;FLAT;-0.306;0.484;0.375;0;0;1784.38;1770.31
2020.12.01;Tue;1807.28;1812.60;5.32;6.74;0.789;1882.05;-3.889;SHORT;SHORT;2020.12.01 17:07;1807.07;1812.60;1796.64;1812.60;SL;-1.000;0.371;1.000;0;0;1817.22;1804.84
2020.12.02;Wed;1813.72;1819.35;5.63;6.49;0.867;1880.36;-3.299;SKIP_TREND;LONG;2020.12.02 17:01;1821.66;1813.72;1830.61;1830.61;TP;1.127;1.127;0.144;1;0;1830.61;1818.31
2020.12.03;Thu;1830.39;1841.16;10.77;6.07;1.773;1879.71;-2.568;SHORT;SHORT;2020.12.03 18:03;1830.18;1841.16;1808.85;1841.16;SL;-1.000;0.581;1.000;0;0;1842.10;1823.62
2020.12.04;Fri;1841.32;1847.25;5.93;6.49;0.914;1879.18;-1.937;SHORT;SHORT;2020.12.04 17:01;1840.70;1847.25;1829.46;1829.46;TP;1.716;1.718;0.127;1;0;1843.14;1828.96
2020.12.07;Mon;1839.13;1857.37;18.24;6.14;2.971;1878.74;-1.178;SKIP_TREND;LONG;2020.12.07 17:01;1858.69;1839.13;1893.85;1863.77;FLAT;0.260;0.502;0.038;0;0;1868.50;1856.61
2020.12.08;Tue;1869.11;1875.16;6.05;6.14;0.985;1878.36;-0.450;SHORT;SHORT;2020.12.08 17:02;1868.20;1875.16;1857.01;1870.73;FLAT;-0.364;0.891;0.782;0;0;1873.34;1861.82
2020.12.09;Wed;1839.70;1855.15;15.45;5.99;2.579;1877.82;-2.028;SHORT;SHORT;2020.12.09 17:22;1839.18;1855.15;1808.80;1838.17;FLAT;0.063;0.863;0.755;0;0;1851.04;1825.21
2020.12.10;Thu;1842.59;1850.01;7.42;5.99;1.239;1876.89;-1.564;SHORT;SHORT;2020.12.10 17:20;1842.22;1850.01;1827.75;1835.76;FLAT;0.829;1.522;0.068;1;0;1849.22;1830.11
2020.12.11;Fri;1834.75;1841.47;6.72;6.20;1.084;1875.52;-1.827;SKIP_TREND;LONG;2020.12.11 17:04;1842.46;1834.75;1854.91;1839.15;FLAT;-0.429;0.669;0.613;0;0;1847.62;1837.73
2020.12.14;Mon;1831.87;1838.95;7.08;6.53;1.083;1874.33;-2.200;SHORT;SHORT;2020.12.14 17:03;1831.15;1838.95;1817.71;1828.37;FLAT;0.356;1.151;0.162;1;0;1834.00;1821.99
2020.12.15;Tue;1846.88;1854.31;7.43;6.79;1.095;1872.60;-1.159;SHORT;SHORT;2020.12.15 18:06;1845.88;1854.31;1832.02;1854.31;SL;-1.000;0.147;1.001;0;0;1854.64;1844.46
2020.12.16;Wed;1852.43;1858.76;6.33;6.90;0.917;1872.13;-0.954;SHORT;SHORT;2020.12.16 17:02;1851.17;1858.76;1839.77;1858.76;SL;-1.000;0.841;1.000;0;0;1865.63;1844.61
2020.12.17;Thu;1888.84;1896.20;7.36;6.90;1.067;1871.68;1.099;SKIP_TREND;SHORT;2020.12.17 18:05;1888.50;1896.20;1874.12;1884.43;FLAT;0.529;0.751;0.143;0;0;1895.54;1882.45
2020.12.18;Fri;1877.45;1885.68;8.23;7.02;1.173;1871.52;0.549;LONG;LONG;2020.12.18 17:58;1886.20;1877.45;1902.14;1881.07;FLAT;-0.586;0.049;0.904;0;0;1886.63;1878.29
2020.12.21;Mon;1877.35;1885.81;8.46;7.22;1.172;1870.54;0.525;SKIP_TREND;SHORT;2020.12.21 18:01;1876.66;1885.81;1860.43;1875.67;FLAT;0.108;0.301;0.716;0;0;1884.15;1873.73
2020.12.22;Tue;1872.81;1879.88;7.07;7.22;0.979;1869.61;0.244;SKIP_TREND;SHORT;2020.12.22 17:06;1872.61;1879.88;1858.67;1861.51;FLAT;1.527;1.864;0.171;1;0;1877.30;1858.78
2020.12.23;Wed;1866.46;1878.49;12.03;7.22;1.666;1868.99;0.397;NO_BREAKOUT;-;-;0.00;0.00;0.00;0.00;-;0.000;0.000;0.000;0;0;1877.32;1869.77
2020.12.24;Thu;1870.93;1877.78;6.85;7.39;0.927;1868.41;0.443;LONG;LONG;2020.12.24 17:07;1878.49;1870.93;1891.48;1883.38;FLAT;0.647;0.646;0.276;0;0;1883.37;1876.40
2020.12.28;Mon;1888.80;1895.15;6.35;7.22;0.880;1867.83;1.382;LONG;LONG;2020.12.28 17:04;1895.56;1888.80;1907.85;1888.80;SL;-1.000;0.120;1.000;0;0;1896.37;1872.42
2020.12.29;Tue;1876.96;1880.60;3.64;7.22;0.504;1867.31;0.589;SKIP_TREND;SHORT;2020.12.29 17:01;1875.67;1880.60;1869.68;1880.60;SL;-1.000;0.795;1.002;0;0;1886.35;1871.57
2020.12.30;Wed;1880.44;1887.62;7.18;7.08;1.015;1866.79;1.098;NO_BREAKOUT;-;-;0.00;0.00;0.00;0.00;-;0.000;0.000;0.000;0;0;1893.45;1883.42
2020.12.31;Thu;1891.65;1898.33;6.68;7.13;0.937;1866.57;1.407;LONG;LONG;2020.12.31 17:31;1899.28;1891.65;1911.69;1891.65;SL;-1.000;0.142;1.001;0;0;1900.89;1890.14
2021.01.04;Mon;1936.46;1943.64;7.18;7.13;1.007;1866.05;4.034;LONG;LONG;2021.01.04 17:02;1944.39;1936.46;1958.00;1936.46;SL;-1.000;0.000;1.001;0;0;1944.41;1929.17
2021.01.05;Tue;1941.29;1949.84;8.55;7.13;1.199;1866.82;4.221;SKIP_TREND;SHORT;2021.01.05 17:02;1939.20;1949.84;1924.19;1949.84;SL;-1.000;0.020;1.001;0;0;1953.12;1938.81
2021.01.06;Wed;1927.31;1936.16;8.85;7.18;1.233;1867.77;3.453;SKIP_TREND;SHORT;2021.01.06 17:26;1926.91;1936.16;1909.61;1909.61;TP;1.870;1.872;0.051;1;0;1933.75;1900.64
2021.01.07;Thu;1906.71;1917.96;11.25;7.18;1.567;1868.10;2.241;NO_BREAKOUT;-;-;0.00;0.00;0.00;0.00;-;0.000;0.000;0.000;0;0;1918.10;1908.52
2021.01.08;Fri;1857.79;1887.29;29.50;7.27;4.058;1868.22;-0.177;SHORT;SHORT;2021.01.08 17:10;1856.85;1887.29;1798.79;1848.01;FLAT;0.290;0.941;0.292;0;0;1866.47;1828.03
2021.01.11;Mon;1833.79;1842.91;9.12;7.27;1.254;1867.67;-1.364;SKIP_TREND;LONG;2021.01.11 17:01;1843.59;1833.79;1861.15;1845.06;FLAT;0.150;0.818;0.159;0;0;1851.61;1840.58
2021.01.12;Tue;1839.45;1848.17;8.72;7.27;1.199;1867.18;-1.384;SHORT;SHORT;2021.01.12 17:03;1838.74;1848.17;1822.01;1848.17;SL;-1.000;0.119;1.000;0;0;1857.30;1837.44
2021.01.13;Wed;1851.86;1859.87;8.01;7.39;1.083;1866.69;-0.447;SKIP_TREND;LONG;2021.01.13 17:36;1860.15;1851.86;1875.89;1851.86;SL;-1.000;0.016;1.004;0;0;1860.28;1845.65
2021.01.14;Thu;1843.91;1851.97;8.06;7.72;1.044;1865.68;-1.123;SHORT;SHORT;2021.01.14 17:01;1843.09;1851.97;1827.79;1851.97;SL;-1.000;0.189;1.025;0;0;1857.44;1841.23
2021.01.15;Fri;1837.37;1845.49;8.12;8.03;1.011;1864.43;-1.348;SHORT;SHORT;2021.01.15 17:06;1834.27;1845.49;1821.13;1825.77;FLAT;0.758;0.970;0.217;0;0;1841.49;1823.18
2021.01.18;Mon;1832.49;1835.65;3.16;8.09;0.391;1862.94;-1.570;SKIP_NARROW;LONG;2021.01.18 17:11;1836.05;1832.49;1841.97;1837.37;FLAT;0.371;0.882;0.388;0;0;1839.19;1832.79
2021.01.19;Tue;1834.07;1842.39;8.32;8.09;1.028;1860.72;-1.339;SHORT;SHORT;2021.01.19 17:14;1834.08;1842.39;1817.43;1842.39;SL;-1.000;0.071;1.000;0;0;1843.43;1833.31
2021.01.20;Wed;1853.43;1864.77;11.34;8.09;1.402;1858.48;-0.168;LONG;LONG;2021.01.20 17:18;1866.48;1853.43;1887.45;1869.77;FLAT;0.252;0.335;0.348;0;0;1870.85;1854.54
2021.01.21;Thu;1861.72;1867.74;6.02;8.09;0.744;1858.84;0.283;SKIP_TREND;SHORT;2021.01.21 17:03;1861.63;1867.74;1849.68;1867.74;SL;-1.000;0.079;1.002;0;0;1871.46;1860.65
2021.01.22;Fri;1838.10;1850.57;12.47;8.09;1.541;1858.70;-0.448;SKIP_TREND;LONG;2021.01.22 17:01;1852.46;1838.10;1875.51;1854.19;FLAT;0.120;0.409;0.114;0;0;1858.33;1850.33
2021.01.25;Mon;1854.88;1865.81;10.93;8.09;1.351;1858.51;-0.152;SHORT;SHORT;2021.01.25 17:01;1854.55;1865.81;1833.02;1855.89;FLAT;-0.119;0.655;0.429;0;0;1859.10;1846.99
2021.01.26;Tue;1849.86;1858.18;8.32;8.22;1.012;1858.09;-0.096;NO_BREAKOUT;-;-;0.00;0.00;0.00;0.00;-;0.000;0.000;0.000;0;0;1857.98;1849.42
2021.01.27;Wed;1831.08;1844.67;13.59;8.32;1.633;1857.30;-1.088;SKIP_TREND;LONG;2021.01.27 17:10;1845.64;1831.08;1871.85;1840.63;FLAT;-0.344;0.335;0.448;0;0;1850.52;1834.72
2021.01.28;Thu;1853.23;1863.26;10.03;8.44;1.189;1856.38;-0.101;SHORT;SHORT;2021.01.28 17:04;1852.95;1863.26;1833.17;1863.26;SL;-1.000;0.000;1.030;0;0;1864.01;1834.82
2021.01.29;Fri;1852.40;1868.43;16.03;8.63;1.856;1855.63;0.503;NO_BREAKOUT;-;-;0.00;0.00;0.00;0.00;-;0.000;0.000;0.000;0;0;1866.23;1841.70
2021.02.01;Mon;1861.32;1869.25;7.93;8.79;0.903;1855.17;0.449;SKIP_TREND;SHORT;2021.02.01 17:42;1861.17;1869.25;1845.46;1859.09;FLAT;0.257;0.538;0.710;0;0;1868.14;1856.62
2021.02.02;Tue;1829.39;1840.01;10.62;8.79;1.209;1855.06;-1.127;NO_BREAKOUT;-;-;0.00;0.00;0.00;0.00;-;0.000;0.000;0.000;0;0;1839.70;1830.25
2021.02.03;Wed;1831.71;1840.74;9.03;8.99;1.005;1854.39;-0.988;SHORT;SHORT;2021.02.03 17:43;1831.37;1840.74;1813.65;1833.03;FLAT;-0.177;0.187;0.727;0;0;1838.00;1829.43
2021.02.04;Thu;1785.14;1795.09;9.95;9.08;1.096;1854.32;-3.695;SKIP_TREND;LONG;2021.02.04 17:10;1795.53;1785.14;1814.99;1793.36;FLAT;-0.209;0.030;0.936;0;0;1795.84;1784.75
2021.02.05;Fri;1799.13;1805.33;6.20;9.08;0.683;1854.05;-2.772;SKIP_TREND;LONG;2021.02.05 17:07;1806.04;1799.13;1817.73;1810.97;FLAT;0.713;1.307;0.476;1;0;1815.07;1802.15
2021.02.08;Mon;1830.45;1834.90;4.45;8.88;0.501;1854.19;-1.199;SKIP_TREND;LONG;2021.02.08 17:03;1835.71;1830.45;1843.80;1830.45;SL;-1.000;0.635;1.000;0;0;1839.05;1829.57
2021.02.09;Tue;1832.00;1843.04;11.04;8.52;1.296;1854.59;-0.950;SKIP_TREND;LONG;2021.02.09 17:19;1843.42;1832.00;1865.12;1835.85;FLAT;-0.663;0.204;0.812;0;0;1845.75;1834.15
2021.02.10;Wed;1840.55;1847.80;7.25;8.68;0.836;1855.61;-0.760;SHORT;SHORT;2021.02.10 17:22;1840.03;1847.80;1826.05;1842.68;FLAT;-0.341;0.662;0.810;0;0;1846.31;1834.68
2021.02.11;Thu;1838.61;1844.29;5.68;8.68;0.655;1856.93;-0.784;SHORT;SHORT;2021.02.11 17:32;1838.34;1844.29;1827.25;1827.25;TP;1.864;1.867;0.662;1;0;1842.57;1821.04
2021.02.12;Fri;1812.14;1820.61;8.47;8.68;0.976;1857.13;-2.294;SKIP_TREND;LONG;2021.02.12 17:49;1820.79;1812.14;1837.55;1821.37;FLAT;0.067;1.139;0.406;1;1;1830.64;1814.02
2021.02.15;Mon;1818.15;1820.59;2.44;8.75;0.279;1857.02;-2.082;SKIP_NARROW;SHORT;2021.02.15 17:01;1818.01;1820.59;1813.27;1820.59;SL;-1.000;0.593;1.000;0;0;1820.74;1816.25
2021.02.16;Tue;1789.32;1797.88;8.56;8.75;0.978;1856.58;-3.504;SKIP_TREND;LONG;2021.02.16 17:11;1799.09;1789.32;1815.00;1795.04;FLAT;-0.415;1.541;0.611;1;1;1814.15;1790.78
2021.02.17;Wed;1779.20;1784.99;5.79;8.80;0.658;1855.67;-4.002;SHORT;SHORT;2021.02.17 17:07;1778.51;1784.99;1767.62;1774.79;FLAT;0.574;1.367;0.356;1;1;1782.49;1769.47
2021.02.18;Thu;1772.98;1784.72;11.74;8.51;1.379;1853.93;-4.225;SHORT;SHORT;2021.02.18 17:06;1772.83;1784.72;1749.50;1774.83;FLAT;-0.168;0.365;0.627;0;0;1780.05;1768.26
2021.02.19;Fri;1777.91;1791.51;13.60;8.80;1.546;1852.04;-3.522;NO_BREAKOUT;-;-;0.00;0.00;0.00;0.00;-;0.000;0.000;0.000;0;0;1787.89;1777.26
2021.02.22;Mon;1795.12;1808.30;13.18;8.80;1.499;1850.93;-2.499;SKIP_TREND;LONG;2021.02.22 17:30;1808.67;1795.12;1834.66;1808.16;FLAT;-0.038;0.285;0.188;0;0;1812.53;1803.08
2021.02.23;Tue;1795.48;1807.92;12.44;8.80;1.414;1850.39;-2.645;SKIP_TREND;LONG;2021.02.23 17:12;1808.73;1795.48;1832.80;1804.59;FLAT;-0.312;0.153;0.537;0;0;1810.76;1799.03
2021.02.24;Wed;1783.43;1791.01;7.58;9.49;0.799;1849.70;-3.467;SKIP_TREND;LONG;2021.02.24 17:23;1791.52;1783.43;1806.17;1802.44;FLAT;1.350;1.585;0.434;1;0;1804.34;1783.58
2021.02.25;Thu;1779.62;1788.83;9.21;8.80;1.047;1849.26;-3.684;SHORT;SHORT;2021.02.25 17:02;1779.52;1788.83;1761.20;1769.71;FLAT;1.054;1.512;0.405;1;1;1783.11;1765.19
2021.02.26;Fri;1744.82;1761.53;16.71;8.80;1.900;1847.59;-5.558;SHORT;SHORT;2021.02.26 17:01;1744.13;1761.53;1711.40;1727.06;FLAT;0.981;1.545;0.107;1;0;1745.82;1717.06
2021.03.01;Mon;1732.77;1742.79;10.02;8.80;1.139;1844.99;-5.920;NO_BREAKOUT;-;-;0.00;0.00;0.00;0.00;-;0.000;0.000;0.000;0;0;1742.50;1719.53
2021.03.02;Tue;1721.18;1728.64;7.46;9.12;0.818;1841.77;-6.306;SHORT;SHORT;2021.03.02 17:42;1720.98;1728.64;1706.26;1728.64;SL;-1.000;0.067;1.000;0;0;1738.39;1720.26
2021.03.03;Wed;1709.70;1717.11;7.41;8.80;0.843;1838.89;-6.939;SHORT;SHORT;2021.03.03 17:07;1708.20;1717.11;1694.88;1717.11;SL;-1.000;0.713;1.013;0;0;1725.05;1701.83
2021.03.04;Thu;1712.19;1717.45;5.26;8.51;0.618;1835.59;-6.593;SHORT;SHORT;2021.03.04 17:12;1711.95;1717.45;1701.67;1717.45;SL;-1.000;0.435;1.000;0;0;1722.34;1690.30
2021.03.05;Fri;1691.70;1703.49;11.79;8.02;1.469;1832.34;-7.526;NO_BREAKOUT;-;-;0.00;0.00;0.00;0.00;-;0.000;0.000;0.000;0;0;1705.13;1694.23
2021.03.08;Mon;1686.52;1693.77;7.25;8.51;0.851;1828.91;-7.770;SHORT;SHORT;2021.03.08 17:16;1686.50;1693.77;1672.02;1680.61;FLAT;0.810;1.316;0.612;1;0;1690.77;1676.66
2021.03.09;Tue;1714.35;1720.55;6.20;8.51;0.728;1824.99;-5.881;SHORT;SHORT;2021.03.09 17:33;1713.49;1720.55;1701.95;1716.34;FLAT;-0.404;0.235;0.902;0;0;1719.73;1711.65
2021.03.10;Wed;1715.45;1721.37;5.92;8.02;0.738;1821.84;-5.676;SHORT;SHORT;2021.03.10 17:30;1714.30;1721.37;1703.61;1721.37;SL;-1.000;0.000;1.021;0;0;1726.19;1714.28
2021.03.11;Thu;1719.15;1726.20;7.05;8.02;0.879;1818.81;-5.278;SKIP_TREND;LONG;2021.03.11 17:01;1726.50;1719.15;1740.30;1723.51;FLAT;-0.407;0.242;0.939;0;0;1728.28;1719.60
2021.03.12;Fri;1700.46;1708.12;7.66;8.02;0.955;1815.35;-6.016;SKIP_TREND;LONG;2021.03.12 18:07;1709.08;1700.46;1723.44;1723.44;TP;1.666;1.666;0.131;1;0;1725.33;1701.91
2021.03.15;Mon;1730.42;1734.42;4.00;7.62;0.525;1811.95;-4.307;SHORT;SHORT;2021.03.15 17:09;1730.42;1734.42;1722.42;1731.13;FLAT;-0.178;1.915;0.688;1;1;1734.45;1722.58
2021.03.16;Tue;1730.15;1735.42;5.27;7.62;0.692;1807.74;-4.059;SKIP_TREND;LONG;2021.03.16 17:22;1735.74;1730.15;1745.96;1730.15;SL;-1.000;0.968;1.002;0;0;1741.15;1726.60
2021.03.17;Wed;1727.21;1731.75;4.54;7.52;0.604;1803.35;-4.169;SHORT;SHORT;2021.03.17 17:03;1725.03;1731.75;1718.13;1731.75;SL;-1.000;0.083;1.000;0;0;1751.55;1723.80
2021.03.18;Thu;1719.02;1725.07;6.05;7.52;0.805;1799.89;-4.277;SKIP_TREND;LONG;2021.03.18 17:07;1725.98;1719.02;1737.17;1737.17;TP;1.608;1.609;0.563;1;0;1737.18;1721.35
2021.03.19;Fri;1733.11;1738.27;5.16;7.43;0.694;1796.34;-3.361;NO_BREAKOUT;-;-;0.00;0.00;0.00;0.00;-;0.000;0.000;0.000;0;0;1744.08;1734.27
2021.03.22;Mon;1730.48;1735.37;4.89;7.33;0.667;1794.26;-3.407;SKIP_TREND;LONG;2021.03.22 17:13;1735.73;1730.48;1745.15;1739.42;FLAT;0.703;0.994;0.552;0;0;1740.95;1732.83
2021.03.23;Tue;1727.18;1734.26;7.08;7.15;0.990;1792.18;-3.412;SHORT;SHORT;2021.03.23 17:06;1726.94;1734.26;1713.02;1727.31;FLAT;-0.051;0.299;0.671;0;0;1731.66;1724.57
2021.03.24;Wed;1728.21;1732.45;4.24;7.06;0.600;1789.62;-3.326;NO_BREAKOUT;-;-;0.00;0.00;0.00;0.00;-;0.000;0.000;0.000;0;0;1738.32;1728.22
2021.03.25;Thu;1736.82;1745.39;8.57;6.63;1.294;1787.41;-2.717;SHORT;SHORT;2021.03.25 17:33;1736.80;1745.39;1719.68;1726.96;FLAT;1.146;1.751;0.098;1;0;1741.06;1721.58
2021.03.26;Fri;1725.26;1728.78;3.52;6.63;0.531;1785.02;-3.160;SKIP_TREND;LONG;2021.03.26 17:01;1729.88;1725.26;1735.82;1735.82;TP;1.286;1.286;0.366;1;0;1736.64;1728.19
2021.03.29;Mon;1706.01;1723.79;17.78;6.13;2.903;1783.12;-4.038;NO_BREAKOUT;-;-;0.00;0.00;0.00;0.00;-;0.000;0.000;0.000;0;0;1715.80;1705.63
2021.03.30;Tue;1681.51;1688.41;6.90;6.13;1.127;1780.60;-5.195;NO_BREAKOUT;-;-;0.00;0.00;0.00;0.00;-;0.000;0.000;0.000;0;0;1688.09;1681.48
2021.03.31;Wed;1687.26;1697.88;10.62;6.13;1.734;1777.50;-4.520;SKIP_TREND;LONG;2021.03.31 17:19;1698.81;1687.26;1719.12;1707.78;FLAT;0.777;1.419;0.235;1;0;1715.20;1693.73
2021.04.01;Thu;1722.52;1728.04;5.52;6.13;0.901;1774.20;-2.799;SHORT;SHORT;2021.04.01 17:06;1722.46;1728.04;1711.48;1728.04;SL;-1.000;0.158;1.022;0;0;1730.06;1721.40
2021.04.05;Mon;1722.37;1727.55;5.18;6.13;0.846;1771.38;-2.503;SKIP_TREND;LONG;2021.04.05 17:02;1728.09;1722.37;1737.91;1728.00;FLAT;-0.016;0.935;0.561;0;0;1733.44;1724.88
2021.04.06;Tue;1737.11;1741.92;4.81;5.98;0.804;1768.81;-1.598;SKIP_TREND;LONG;2021.04.06 17:01;1743.19;1737.11;1751.54;1742.43;FLAT;-0.125;0.368;0.599;0;0;1745.43;1739.55
2021.04.07;Wed;1734.51;1740.01;5.50;5.72;0.962;1766.55;-1.511;SKIP_TREND;LONG;2021.04.07 17:12;1740.89;1734.51;1751.01;1737.30;FLAT;-0.563;0.346;0.859;0;0;1743.10;1735.41
2021.04.08;Thu;1752.04;1757.52;5.48;5.51;0.995;1764.29;-0.599;SKIP_TREND;LONG;2021.04.08 17:16;1757.99;1752.04;1768.48;1755.78;FLAT;-0.371;0.101;0.756;0;0;1758.59;1753.49
2021.04.09;Fri;1734.27;1741.72;7.45;5.49;1.357;1762.54;-1.298;SKIP_TREND;LONG;2021.04.09 17:22;1742.59;1734.27;1756.62;1742.90;FLAT;0.037;0.500;0.159;0;0;1746.75;1739.29
2021.04.12;Mon;1731.95;1737.80;5.85;5.49;1.066;1760.58;-1.546;SHORT;SHORT;2021.04.12 17:36;1731.49;1737.80;1720.25;1732.58;FLAT;-0.173;0.635;0.756;0;0;1736.46;1727.27
2021.04.13;Tue;1741.72;1748.82;7.10;5.49;1.293;1758.24;-0.582;SHORT;SHORT;2021.04.13 17:24;1741.39;1748.82;1727.52;1745.04;FLAT;-0.491;0.140;0.848;0;0;1748.64;1740.16
2021.04.14;Wed;1735.70;1739.21;3.51;5.51;0.637;1755.92;-1.119;SHORT;SHORT;2021.04.14 17:02;1735.69;1739.21;1728.68;1739.21;SL;-1.000;0.861;1.000;0;0;1740.39;1732.48
2021.04.15;Thu;1751.00;1756.59;5.59;5.51;1.015;1753.89;0.033;LONG;LONG;2021.04.15 17:05;1757.20;1751.00;1767.77;1767.77;TP;1.705;1.719;0.156;1;0;1769.66;1754.42
2021.04.16;Fri;1771.81;1776.32;4.51;5.55;0.812;1752.49;1.140;LONG;LONG;2021.04.16 17:09;1776.70;1771.81;1785.34;1775.91;FLAT;-0.162;0.806;0.470;0;0;1780.64;1772.36
2021.04.19;Mon;1769.14;1773.90;4.76;5.51;0.864;1752.16;1.223;LONG;LONG;2021.04.19 17:01;1774.62;1769.14;1783.42;1769.14;SL;-1.000;0.378;1.000;0;0;1776.69;1768.79
2021.04.20;Tue;1768.05;1773.69;5.64;5.51;1.024;1751.30;1.265;LONG;LONG;2021.04.20 17:01;1776.07;1768.05;1784.97;1777.31;FLAT;0.155;0.539;0.390;0;0;1780.39;1772.94
2021.04.21;Wed;1784.35;1797.57;13.22;5.55;2.380;1750.26;2.600;NO_BREAKOUT;-;-;0.00;0.00;0.00;0.00;-;0.000;0.000;0.000;0;0;1797.56;1789.05
2021.04.22;Thu;1781.62;1787.89;6.27;5.55;1.129;1749.36;2.155;SKIP_TREND;SHORT;2021.04.22 18:29;1781.12;1787.89;1769.08;1783.69;FLAT;-0.380;0.536;0.434;0;0;1788.24;1777.31
2021.04.23;Fri;1780.91;1788.46;7.55;5.62;1.345;1748.17;1.904;SKIP_TREND;SHORT;2021.04.23 17:02;1779.05;1788.46;1765.81;1776.54;FLAT;0.267;0.956;0.186;0;0;1782.39;1769.87
2021.04.26;Mon;1774.11;1779.24;5.13;5.62;0.914;1747.21;1.654;SKIP_TREND;SHORT;2021.04.26 17:01;1774.09;1779.24;1763.85;1779.24;SL;-1.000;0.264;1.004;0;0;1781.21;1772.55
2021.04.27;Tue;1777.74;1784.24;6.50;5.62;1.158;1746.33;2.103;NO_BREAKOUT;-;-;0.00;0.00;0.00;0.00;-;0.000;0.000;0.000;0;0;1784.41;1775.31
2021.04.28;Wed;1766.77;1773.96;7.19;5.62;1.280;1745.49;1.611;LONG;LONG;2021.04.28 17:02;1774.25;1766.77;1788.34;1781.82;FLAT;1.012;1.080;0.543;1;0;1782.33;1770.19
2021.04.29;Thu;1757.12;1769.27;12.15;5.62;2.164;1745.23;0.703;LONG;LONG;2021.04.29 17:58;1769.54;1757.12;1793.57;1774.64;FLAT;0.411;0.423;0.287;0;0;1774.79;1755.93
2021.04.30;Fri;1765.96;1771.18;5.22;5.62;0.930;1745.16;1.363;SKIP_TREND;SHORT;2021.04.30 17:06;1764.70;1771.18;1755.52;1771.18;SL;-1.000;0.060;1.014;0;0;1772.20;1764.13
2021.05.03;Mon;1787.03;1792.86;5.83;5.62;1.038;1745.04;2.694;LONG;LONG;2021.05.03 17:01;1793.54;1787.03;1804.52;1791.66;FLAT;-0.289;0.667;0.481;0;0;1797.88;1790.41
2021.05.04;Tue;1788.52;1794.99;6.47;5.74;1.128;1745.20;2.845;LONG;LONG;2021.05.04 17:01;1795.60;1788.52;1807.93;1788.52;SL;-1.000;0.477;1.000;0;0;1798.98;1770.58
2021.05.05;Wed;1778.72;1782.93;4.21;5.84;0.721;1744.59;2.103;LONG;LONG;2021.05.05 17:02;1783.26;1778.72;1791.35;1786.09;FLAT;0.623;0.645;0.896;0;0;1786.19;1779.19
2021.05.06;Thu;1792.68;1813.08;20.40;5.84;3.493;1744.20;3.923;LONG;LONG;2021.05.06 17:02;1813.62;1792.68;1853.88;1815.28;FLAT;0.079;0.211;0.188;0;0;1818.03;1809.68
2021.05.07;Fri;1825.53;1838.94;13.41;6.06;2.213;1744.39;5.390;LONG;LONG;2021.05.07 17:11;1839.38;1825.53;1865.76;1832.01;FLAT;-0.532;0.204;0.783;0;0;1842.21;1828.54
2021.05.10;Mon;1837.61;1845.31;7.70;6.06;1.271;1745.63;5.423;SKIP_TREND;SHORT;2021.05.10 17:54;1836.98;1845.31;1822.21;1838.16;FLAT;-0.142;0.358;0.610;0;0;1842.82;1833.82
2021.05.11;Tue;1818.05;1830.11;12.06;6.37;1.893;1747.66;4.667;LONG;LONG;2021.05.11 17:11;1831.19;1818.05;1854.23;1837.66;FLAT;0.492;0.515;0.365;0;0;1837.96;1826.39
2021.05.12;Wed;1829.88;1834.50;4.62;6.37;0.725;1749.92;4.775;SKIP_TREND;SHORT;2021.05.12 17:11;1829.77;1834.50;1820.64;1820.64;TP;1.930;1.930;0.700;1;0;1833.86;1818.79
2021.05.13;Thu;1817.49;1822.32;4.83;6.37;0.758;1751.47;4.016;LONG;LONG;2021.05.13 17:03;1822.74;1817.49;1831.98;1827.25;FLAT;0.859;1.133;0.617;1;1;1828.69;1819.50
2021.05.14;Fri;1836.36;1841.14;4.78;6.37;0.750;1753.76;4.842;SKIP_TREND;SHORT;2021.05.14 17:07;1835.45;1841.14;1826.80;1841.14;SL;-1.000;0.116;1.002;0;0;1843.54;1834.61
2021.05.17;Mon;1850.08;1856.41;6.33;6.37;0.994;1756.71;5.557;LONG;LONG;2021.05.17 17:14;1857.01;1850.08;1869.07;1865.48;FLAT;1.222;1.638;0.066;1;0;1868.36;1852.88
2021.05.18;Tue;1863.52;1870.91;7.39;6.40;1.155;1760.02;5.901;SKIP_TREND;SHORT;2021.05.18 17:16;1863.41;1870.91;1848.74;1869.06;FLAT;-0.753;0.000;0.909;0;0;1869.97;1863.05
2021.05.19;Wed;1869.47;1889.98;20.51;6.49;3.163;1763.74;7.103;NO_BREAKOUT;-;-;0.00;0.00;0.00;0.00;-;0.000;0.000;0.000;0;0;1889.61;1861.88
2021.05.20;Thu;1869.65;1878.42;8.77;6.49;1.352;1766.81;6.240;LONG;LONG;2021.05.20 17:04;1878.69;1869.65;1895.96;1878.37;FLAT;-0.035;0.566;0.611;0;0;1883.81;1873.17
2021.05.21;Fri;1875.33;1888.44;13.11;6.85;1.915;1769.82;6.060;SKIP_TREND;SHORT;2021.05.21 17:05;1875.05;1888.44;1849.11;1879.70;FLAT;-0.347;0.359;0.518;0;0;1881.76;1870.06
2021.05.24;Mon;1877.92;1885.48;7.56;6.85;1.104;1773.02;6.079;NO_BREAKOUT;-;-;0.00;0.00;0.00;0.00;-;0.000;0.000;0.000;0;0;1885.47;1877.80
2021.05.25;Tue;1879.74;1886.56;6.82;7.29;0.936;1776.08;6.086;LONG;LONG;2021.05.25 17:04;1893.53;1879.74;1900.20;1899.97;FLAT;0.467;0.468;0.386;0;0;1899.99;1884.10
2021.05.26;Wed;1898.99;1907.32;8.33;7.29;1.143;1779.43;6.724;NO_BREAKOUT;-;-;0.00;0.00;0.00;0.00;-;0.000;0.000;0.000;0;0;1905.10;1890.59
2021.05.27;Thu;1888.05;1894.56;6.51;7.48;0.871;1782.75;6.108;NO_BREAKOUT;-;-;0.00;0.00;0.00;0.00;-;0.000;0.000;0.000;0;0;1898.76;1888.30
2021.05.28;Fri;1894.91;1899.89;4.98;7.11;0.701;1785.78;6.294;LONG;LONG;2021.05.28 17:02;1900.22;1894.91;1909.85;1894.91;SL;-1.000;0.000;1.000;0;0;1905.08;1892.74
2021.05.31;Mon;1903.71;1906.32;2.61;7.11;0.367;1789.15;6.536;SKIP_NARROW;LONG;2021.05.31 17:06;1907.04;1903.71;1911.54;1906.49;FLAT;-0.165;0.000;0.862;0;0;1906.88;1904.17
2021.06.01;Tue;1902.12;1909.77;7.65;7.11;1.077;1792.38;6.210;SKIP_TREND;SHORT;2021.06.01 17:04;1900.59;1909.77;1886.82;1900.08;FLAT;0.056;0.883;0.378;0;0;1909.01;1892.30
2021.06.02;Wed;1902.91;1908.71;5.80;7.48;0.776;1795.62;5.986;SKIP_TREND;SHORT;2021.06.02 17:57;1902.15;1908.71;1891.31;1908.71;SL;-1.000;0.220;1.000;0;0;1908.93;1900.52
2021.06.03;Thu;1864.93;1877.75;12.82;7.48;1.715;1799.25;3.799;NO_BREAKOUT;-;-;0.00;0.00;0.00;0.00;-;0.000;0.000;0.000;0;0;1874.01;1865.23
2021.06.04;Fri;1886.10;1891.63;5.53;7.48;0.740;1801.99;4.952;LONG;LONG;2021.06.04 17:08;1892.06;1886.10;1902.69;1891.85;FLAT;-0.035;0.678;0.651;0;0;1896.10;1888.18
2021.06.07;Mon;1886.25;1891.02;4.77;7.11;0.671;1805.30;4.616;LONG;LONG;2021.06.07 17:17;1891.33;1886.25;1900.56;1899.77;FLAT;1.661;1.709;0.335;1;0;1900.01;1887.61
2021.06.08;Tue;1883.70;1894.29;10.59;6.66;1.589;1808.64;4.373;LONG;LONG;2021.06.08 17:06;1894.49;1883.70;1915.47;1893.39;FLAT;-0.102;0.162;0.356;0;0;1896.24;1886.89
2021.06.09;Wed;1893.37;1898.88;5.51;6.66;0.827;1812.26;4.533;SKIP_TREND;SHORT;2021.06.09 17:10;1891.69;1898.88;1882.35;1889.91;FLAT;0.248;0.503;0.229;0;0;1895.25;1887.89
2021.06.10;Thu;1884.65;1893.42;8.77;6.66;1.316;1816.35;3.979;NO_BREAKOUT;-;-;0.00;0.00;0.00;0.00;-;0.000;0.000;0.000;0;0;1899.27;1887.54
2021.06.11;Fri;1880.93;1885.92;4.99;7.11;0.702;1820.18;3.340;SKIP_TREND;SHORT;2021.06.11 17:39;1880.88;1885.92;1870.95;1876.69;FLAT;0.831;1.262;0.720;1;1;1884.29;1874.34
2021.06.14;Mon;1847.30;1866.80;19.50;7.11;2.745;1823.14;2.263;LONG;LONG;2021.06.14 17:14;1868.20;1847.30;1905.80;1866.00;FLAT;-0.105;0.072;0.278;0;0;1869.71;1862.38
2021.06.15;Tue;1863.99;1868.03;4.04;7.48;0.540;1825.91;2.150;SKIP_TREND;SHORT;2021.06.15 17:02;1863.55;1868.03;1855.91;1855.91;TP;1.705;1.705;0.250;1;0;1865.35;1851.49
2021.06.16;Wed;1855.86;1859.71;3.85;7.19;0.535;1828.24;1.677;LONG;LONG;2021.06.16 17:01;1860.82;1855.86;1867.41;1855.86;SL;-1.000;0.091;1.000;0;0;1863.13;1827.14
2021.06.17;Thu;1781.20;1790.38;9.18;6.66;1.377;1829.74;-2.549;SHORT;SHORT;2021.06.17 17:01;1780.39;1790.38;1762.84;1772.23;FLAT;0.817;1.310;0.323;1;1;1783.44;1767.12
2021.06.18;Fri;1772.33;1777.20;4.87;6.66;0.731;1830.11;-3.126;SHORT;SHORT;2021.06.18 17:03;1770.83;1777.20;1762.59;1777.20;SL;-1.000;0.267;1.017;0;0;1780.68;1761.40
2021.06.21;Mon;1773.57;1779.53;5.96;6.15;0.968;1830.51;-3.031;SKIP_TREND;LONG;2021.06.21 17:29;1781.00;1773.57;1791.45;1783.03;FLAT;0.273;0.729;0.209;0;0;1786.42;1773.37
2021.06.22;Tue;1773.37;1778.34;4.97;5.88;0.845;1831.55;-3.049;SKIP_TREND;LONG;2021.06.22 17:22;1778.57;1773.37;1788.28;1776.27;FLAT;-0.442;0.856;0.754;0;0;1783.02;1774.13
2021.06.23;Wed;1782.81;1794.58;11.77;5.67;2.078;1832.24;-2.071;SKIP_TREND;LONG;2021.06.23 17:21;1794.99;1782.81;1818.12;1782.81;SL;-1.000;0.000;1.000;0;0;1794.88;1773.14
2021.06.24;Thu;1781.45;1786.71;5.26;5.67;0.929;1833.10;-2.702;SHORT;SHORT;2021.06.24 17:48;1781.37;1786.71;1770.93;1774.09;FLAT;1.363;1.384;0.176;1;1;1785.30;1773.73
2021.06.25;Fri;1785.15;1789.61;4.46;5.52;0.808;1833.33;-2.467;SHORT;SHORT;2021.06.25 17:46;1784.77;1789.61;1776.23;1779.54;FLAT;1.081;1.719;0.219;1;0;1788.15;1776.23
2021.06.28;Mon;1778.63;1782.84;4.21;5.52;0.763;1833.41;-2.911;SHORT;SHORT;2021.06.28 17:57;1778.58;1782.84;1770.21;1779.44;FLAT;-0.202;0.343;0.937;0;0;1782.55;1776.94
2021.06.29;Tue;1754.18;1759.22;5.04;5.52;0.913;1833.57;-4.204;SHORT;SHORT;2021.06.29 17:04;1753.57;1759.22;1744.10;1759.22;SL;-1.000;0.184;1.007;0;0;1765.73;1752.33
2021.06.30;Wed;1755.32;1762.29;6.97;5.39;1.294;1833.24;-3.988;SKIP_TREND;LONG;2021.06.30 17:05;1762.49;1755.32;1776.23;1769.81;FLAT;1.021;1.643;0.287;1;0;1774.27;1760.13
2021.07.01;Thu;1777.90;1781.31;3.41;5.39;0.633;1832.79;-2.896;SKIP_TREND;LONG;2021.07.01 17:02;1781.59;1777.90;1788.13;1777.90;SL;-1.000;0.314;1.000;0;0;1782.75;1768.16
2021.07.02;Fri;1780.05;1790.84;10.79;5.15;2.095;1832.67;-2.577;SHORT;SHORT;2021.07.02 17:17;1779.27;1790.84;1758.47;1790.84;SL;-1.000;0.000;1.000;0;0;1791.71;1777.86
2021.07.05;Mon;1791.01;1792.38;1.37;5.15;0.266;1832.88;-2.280;SKIP_NARROW;SHORT;2021.07.05 17:09;1790.87;1792.38;1788.27;1792.27;FLAT;-0.927;0.603;0.954;0;0;1791.89;1789.78
2021.07.06;Tue;1806.78;1811.38;4.60;5.15;0.893;1833.11;-1.228;SKIP_TREND;LONG;2021.07.06 17:01;1811.74;1806.78;1820.58;1806.78;SL;-1.000;0.157;1.000;0;0;1812.52;1789.99
2021.07.07;Wed;1800.61;1807.55;6.94;5.01;1.384;1833.51;-1.466;SHORT;SHORT;2021.07.07 17:31;1798.96;1807.55;1786.73;1807.55;SL;-1.000;0.219;1.000;0;0;1808.13;1796.90
2021.07.08;Thu;1807.07;1814.77;7.70;5.01;1.535;1833.98;-1.392;SHORT;SHORT;2021.07.08 17:08;1805.81;1814.77;1791.67;1802.39;FLAT;0.382;1.309;0.196;1;0;1810.57;1793.84
2021.07.09;Fri;1801.92;1805.07;3.15;5.01;0.628;1834.61;-1.684;SKIP_TREND;LONG;2021.07.09 17:02;1805.29;1801.92;1811.37;1811.37;TP;1.804;1.804;0.264;1;0;1812.27;1803.56
2021.07.12;Mon;1791.99;1802.80;10.81;5.00;2.160;1835.39;-2.353;SKIP_TREND;LONG;2021.07.12 17:32;1803.97;1791.99;1824.42;1806.32;FLAT;0.196;0.291;0.057;0;0;1807.46;1791.50
2021.07.13;Tue;1809.90;1815.22;5.32;5.00;1.063;1835.66;-1.193;SHORT;SHORT;2021.07.13 17:10;1809.87;1815.22;1799.26;1808.69;FLAT;0.221;0.845;0.963;0;0;1814.83;1805.16
2021.07.14;Wed;1820.50;1826.90;6.40;5.15;1.243;1836.24;-0.710;SHORT;SHORT;2021.07.14 17:25;1819.78;1826.90;1807.70;1826.90;SL;-1.000;0.038;1.000;0;0;1827.32;1819.33
2021.07.15;Thu;1824.51;1827.04;2.53;5.29;0.478;1837.06;-0.644;SKIP_NARROW;SHORT;2021.07.15 17:01;1824.40;1827.04;1819.45;1827.04;SL;-1.000;1.534;1.000;1;1;1830.17;1820.17
2021.07.16;Fri;1821.58;1826.57;4.99;5.15;0.969;1837.36;-0.677;SHORT;SHORT;2021.07.16 17:11;1819.09;1826.57;1811.60;1811.60;TP;1.001;1.001;0.225;1;0;1826.06;1808.98
2021.07.19;Mon;1808.42;1815.41;6.99;5.15;1.357;1836.97;-1.187;SHORT;SHORT;2021.07.19 18:06;1807.12;1815.41;1794.44;1812.24;FLAT;-0.618;0.259;0.620;0;0;1815.45;1804.74
2021.07.20;Tue;1820.82;1824.93;4.11;5.15;0.798;1836.50;-0.695;SHORT;SHORT;2021.07.20 17:20;1820.66;1824.93;1812.60;1812.60;TP;1.888;1.906;0.290;1;0;1824.23;1804.98
2021.07.21;Wed;1796.80;1805.70;8.90;5.15;1.728;1835.96;-1.684;NO_BREAKOUT;-;-;0.00;0.00;0.00;0.00;-;0.000;0.000;0.000;0;0;1805.44;1799.15
2021.07.22;Thu;1795.84;1801.00;5.16;5.15;1.002;1835.71;-2.001;SKIP_TREND;LONG;2021.07.22 17:07;1801.25;1795.84;1811.32;1807.09;FLAT;1.079;1.242;0.065;1;0;1807.97;1798.87
2021.07.23;Fri;1797.00;1802.62;5.62;5.10;1.102;1835.34;-1.811;SHORT;SHORT;2021.07.23 17:43;1796.58;1802.62;1785.76;1802.62;SL;-1.000;0.255;1.000;0;0;1804.51;1794.86
2021.07.26;Mon;1799.22;1804.54;5.32;5.24;1.015;1834.50;-1.749;SHORT;SHORT;2021.07.26 17:06;1798.50;1804.54;1788.58;1797.61;FLAT;0.147;0.333;0.666;0;0;1802.58;1796.30
2021.07.27;Tue;1800.01;1804.79;4.78;5.32;0.898;1833.12;-1.783;SHORT;SHORT;2021.07.27 17:02;1799.59;1804.79;1790.45;1800.44;FLAT;-0.163;0.938;0.713;0;0;1803.12;1794.53
2021.07.28;Wed;1794.40;1799.09;4.69;5.32;0.882;1831.72;-2.000;SKIP_TREND;LONG;2021.07.28 17:45;1799.32;1794.40;1808.47;1794.40;SL;-1.000;0.691;1.002;0;0;1809.66;1792.24
2021.07.29;Thu;1823.85;1828.02;4.17;5.24;0.796;1830.45;-0.190;SKIP_TREND;LONG;2021.07.29 17:16;1828.22;1823.85;1836.36;1828.67;FLAT;0.103;1.018;0.499;1;1;1832.67;1825.73
2021.07.30;Fri;1823.79;1827.18;3.39;5.24;0.647;1829.49;-0.288;SHORT;SHORT;2021.07.30 17:04;1823.69;1827.18;1817.01;1817.01;TP;1.914;1.917;0.579;1;0;1825.53;1810.14
2021.08.02;Mon;1807.25;1812.51;5.26;5.08;1.036;1828.14;-1.063;SKIP_TREND;LONG;2021.08.02 17:12;1812.84;1807.25;1823.03;1813.10;FLAT;0.047;1.186;0.138;1;1;1819.47;1808.02
2021.08.03;Tue;1809.47;1814.94;5.47;5.21;1.050;1826.79;-0.722;SHORT;SHORT;2021.08.03 18:12;1809.20;1814.94;1798.53;1811.40;FLAT;-0.383;0.061;0.444;0;0;1814.28;1808.63
2021.08.04;Wed;1828.38;1831.68;3.30;5.29;0.624;1825.02;0.215;SKIP_TREND;SHORT;2021.08.04 17:01;1828.25;1831.68;1821.78;1821.78;TP;1.886;1.889;0.105;1;0;1829.46;1806.35
2021.08.05;Thu;1797.69;1810.76;13.07;5.21;2.509;1823.34;-1.081;NO_BREAKOUT;-;-;0.00;0.00;0.00;0.00;-;0.000;0.000;0.000;0;0;1808.22;1800.41
2021.08.06;Fri;1763.09;1773.43;10.34;5.21;1.985;1821.50;-3.179;SHORT;SHORT;2021.08.06 17:40;1762.99;1773.43;1742.41;1760.40;FLAT;0.248;0.404;0.276;0;0;1768.03;1758.59
2021.08.09;Mon;1738.18;1745.31;7.13;5.29;1.348;1818.69;-4.404;SHORT;SHORT;2021.08.09 17:02;1737.89;1745.31;1723.92;1728.87;FLAT;1.216;1.877;0.454;1;0;1741.08;1723.75
2021.08.10;Tue;1720.93;1728.34;7.41;5.29;1.401;1815.15;-5.136;SHORT;SHORT;2021.08.10 17:04;1720.79;1728.34;1706.11;1728.34;SL;-1.000;0.385;1.005;0;0;1732.66;1717.70
2021.08.11;Wed;1738.76;1746.44;7.68;5.29;1.452;1811.72;-3.964;SKIP_TREND;LONG;2021.08.11 18:02;1746.68;1738.76;1761.80;1752.74;FLAT;0.765;0.972;0.053;0;0;1754.38;1739.61
2021.08.12;Thu;1741.47;1749.01;7.54;5.29;1.425;1808.59;-3.376;SKIP_TREND;LONG;2021.08.12 18:22;1749.43;1741.47;1764.09;1753.41;FLAT;0.500;0.563;0.031;0;0;1753.91;1745.48
2021.08.13;Fri;1762.54;1765.68;3.14;5.39;0.582;1806.23;-2.290;SKIP_TREND;LONG;2021.08.13 17:01;1766.71;1762.54;1771.96;1771.96;TP;1.259;1.273;0.046;1;0;1779.22;1764.45
2021.08.16;Mon;1780.69;1786.77;6.08;5.39;1.127;1803.99;-0.967;SKIP_TREND;LONG;2021.08.16 17:33;1786.79;1780.69;1798.93;1787.38;FLAT;0.097;0.393;0.479;0;0;1789.19;1782.30
2021.08.17;Tue;1787.15;1792.97;5.82;5.39;1.079;1801.75;-0.670;SHORT;SHORT;2021.08.17 17:12;1787.05;1792.97;1775.51;1785.25;FLAT;0.304;1.071;0.035;1;0;1790.43;1780.52
2021.08.18;Wed;1784.31;1787.60;3.29;5.54;0.593;1799.62;-0.761;SHORT;SHORT;2021.08.18 17:01;1784.15;1787.60;1777.73;1777.73;TP;1.861;1.870;0.597;1;0;1790.31;1777.26
2021.08.19;Thu;1782.03;1788.21;6.18;5.39;1.146;1797.59;-0.752;SHORT;SHORT;2021.08.19 17:04;1781.45;1788.21;1769.67;1781.16;FLAT;0.043;0.729;0.395;0;0;1784.34;1776.34
2021.08.20;Fri;1779.34;1785.86;6.52;5.54;1.176;1795.23;-0.767;SHORT;SHORT;2021.08.20 17:22;1779.08;1785.86;1766.30;1785.86;SL;-1.000;0.096;1.000;0;0;1786.59;1778.25
2021.08.23;Mon;1801.16;1805.55;4.39;5.64;0.778;1793.32;0.549;SKIP_TREND;SHORT;2021.08.23 17:09;1800.87;1805.55;1792.38;1805.55;SL;-1.000;1.118;1.000;1;1;1805.49;1795.46
2021.08.24;Tue;1801.48;1807.80;6.32;5.64;1.120;1792.10;0.809;LONG;LONG;2021.08.24 17:03;1808.84;1801.48;1820.44;1803.13;FLAT;-0.776;0.090;0.777;0;0;1809.50;1803.12
2021.08.25;Wed;1785.52;1795.01;9.49;5.95;1.595;1790.98;-0.097;SHORT;SHORT;2021.08.25 17:27;1785.29;1795.01;1766.54;1790.95;FLAT;-0.582;0.294;0.805;0;0;1792.87;1782.42
2021.08.26;Thu;1783.35;1788.55;5.20;6.13;0.848;1790.56;-0.261;SKIP_TREND;LONG;2021.08.26 17:16;1788.96;1783.35;1798.95;1792.64;FLAT;0.656;1.631;0.111;1;1;1798.11;1785.41
2021.08.27;Fri;1787.63;1795.30;7.67;6.13;1.251;1790.94;0.070;LONG;LONG;2021.08.27 17:02;1797.11;1787.63;1810.64;1810.64;TP;1.427;1.427;0.297;1;0;1819.08;1784.00
2021.08.30;Mon;1811.98;1815.54;3.56;6.25;0.570;1792.02;1.127;SKIP_TREND;SHORT;2021.08.30 17:19;1811.93;1815.54;1804.86;1810.73;FLAT;0.332;1.116;0.463;1;0;1815.61;1807.67
2021.08.31;Tue;1808.25;1815.10;6.85;6.25;1.096;1792.56;0.998;SKIP_TREND;SHORT;2021.08.31 17:16;1807.90;1815.10;1794.55;1815.10;SL;-1.000;0.499;1.000;0;0;1816.38;1804.13
2021.09.01;Wed;1812.83;1817.46;4.63;6.42;0.721;1793.25;1.103;SKIP_TREND;SHORT;2021.09.01 17:01;1812.11;1817.46;1803.57;1814.90;FLAT;-0.521;0.624;0.858;0;0;1816.48;1808.59
2021.09.02;Thu;1809.08;1813.46;4.38;6.42;0.682;1793.95;1.027;SKIP_TREND;SHORT;2021.09.02 17:05;1807.37;1813.46;1800.32;1813.46;SL;-1.000;0.388;1.000;0;0;1813.48;1804.83
2021.09.03;Fri;1819.16;1825.49;6.33;6.25;1.013;1794.64;1.679;LONG;LONG;2021.09.03 17:16;1826.07;1819.16;1838.15;1828.49;FLAT;0.350;1.132;0.113;1;0;1833.89;1821.84
2021.09.06;Mon;1822.24;1824.04;1.80;6.25;0.288;1795.57;1.543;SKIP_NARROW;SHORT;2021.09.06 17:02;1822.14;1824.04;1818.64;1822.93;FLAT;-0.416;0.321;0.879;0;0;1823.38;1821.33
2021.09.07;Tue;1808.52;1815.00;6.48;6.13;1.057;1796.46;0.734;SKIP_TREND;SHORT;2021.09.07 17:03;1805.27;1815.00;1795.56;1795.56;TP;0.998;1.000;0.021;1;0;1809.91;1792.24
2021.09.08;Wed;1782.30;1796.97;14.67;6.13;2.393;1797.12;-0.466;NO_BREAKOUT;-;-;0.00;0.00;0.00;0.00;-;0.000;0.000;0.000;0;0;1795.03;1783.90
2021.09.09;Thu;1788.59;1798.27;9.68;6.13;1.579;1797.49;-0.411;SHORT;SHORT;2021.09.09 17:01;1788.06;1798.27;1769.23;1798.27;SL;-1.000;0.406;1.001;0;0;1799.07;1783.73
2021.09.10;Fri;1789.58;1795.32;5.74;6.13;0.936;1797.84;-0.173;SKIP_TREND;LONG;2021.09.10 17:04;1796.31;1789.58;1806.80;1789.58;SL;-1.000;0.061;1.000;0;0;1796.72;1787.12
2021.09.13;Mon;1789.74;1794.26;4.52;6.13;0.737;1797.85;-0.225;SKIP_TREND;LONG;2021.09.13 17:03;1794.50;1789.74;1803.30;1793.15;FLAT;-0.284;0.792;0.744;0;0;1798.27;1790.96
2021.09.14;Tue;1790.79;1800.49;9.70;6.00;1.617;1797.88;-0.211;LONG;LONG;2021.09.14 17:38;1803.50;1790.79;1819.89;1805.12;FLAT;0.127;0.399;0.065;0;0;1808.57;1792.00
2021.09.15;Wed;1795.29;1799.97;4.68;6.25;0.749;1798.03;-0.068;SHORT;SHORT;2021.09.15 17:08;1795.21;1799.97;1785.93;1794.29;FLAT;0.193;0.926;0.557;0;0;1798.10;1790.62
2021.09.16;Thu;1745.25;1757.65;12.40;6.25;1.984;1797.83;-2.498;SKIP_TREND;LONG;2021.09.16 18:10;1758.15;1745.25;1782.45;1754.22;FLAT;-0.305;0.018;0.436;0;0;1758.38;1748.69
2021.09.17;Fri;1748.44;1754.52;6.08;6.32;0.961;1796.84;-2.615;SKIP_TREND;LONG;2021.09.17 17:03;1755.65;1748.44;1766.68;1748.44;SL;-1.000;0.183;1.040;0;0;1756.97;1747.29
2021.09.20;Mon;1754.42;1759.27;4.85;6.20;0.782;1795.76;-2.085;SKIP_TREND;LONG;2021.09.20 17:12;1759.93;1754.42;1768.97;1763.72;FLAT;0.688;1.301;0.358;1;1;1767.10;1756.28
2021.09.21;Tue;1769.60;1775.25;5.65;6.20;0.911;1794.93;-1.241;SKIP_TREND;LONG;2021.09.21 17:28;1775.80;1769.60;1786.55;1775.16;FLAT;-0.103;0.940;0.271;0;0;1781.63;1771.58
2021.09.22;Wed;1773.31;1778.29;4.98;5.91;0.843;1794.27;-1.119;SHORT;SHORT;2021.09.22 17:02;1773.26;1778.29;1763.35;1778.29;SL;-1.000;0.044;1.000;0;0;1787.17;1764.52
2021.09.23;Thu;1749.60;1755.84;6.24;5.70;1.096;1793.09;-2.344;SHORT;SHORT;2021.09.23 17:52;1749.42;1755.84;1737.12;1748.86;FLAT;0.087;0.542;0.614;0;0;1755.31;1745.76
2021.09.24;Fri;1740.34;1744.85;4.51;5.91;0.763;1791.36;-2.713;SKIP_TREND;LONG;2021.09.24 17:02;1745.32;1740.34;1753.87;1746.69;FLAT;0.275;1.711;0.384;1;0;1753.84;1742.73
2021.09.27;Mon;1749.80;1757.78;7.98;5.70;1.401;1790.13;-1.912;SHORT;SHORT;2021.09.27 17:52;1749.06;1757.78;1733.84;1750.41;FLAT;-0.155;0.032;0.581;0;0;1756.78;1748.58
2021.09.28;Tue;1729.61;1741.17;11.56;5.91;1.956;1788.89;-3.037;NO_BREAKOUT;-;-;0.00;0.00;0.00;0.00;-;0.000;0.000;0.000;0;0;1740.58;1731.36
2021.09.29;Wed;1735.68;1740.30;4.62;5.91;0.782;1787.37;-2.830;SHORT;SHORT;2021.09.29 17:05;1735.07;1740.30;1726.44;1726.44;TP;1.650;1.685;0.059;1;0;1737.72;1721.57
2021.09.30;Thu;1736.05;1742.72;6.67;5.91;1.129;1785.83;-2.455;SKIP_TREND;LONG;2021.09.30 17:01;1744.10;1736.05;1756.06;1756.06;TP;1.486;1.487;0.275;1;0;1764.20;1741.83
2021.10.01;Fri;1754.45;1759.80;5.35;6.16;0.869;1784.83;-1.534;SHORT;SHORT;2021.10.01 17:02;1753.47;1759.80;1743.75;1759.80;SL;-1.000;0.107;1.028;0;0;1764.18;1752.61
2021.10.04;Mon;1748.37;1753.19;4.82;5.91;0.816;1784.01;-1.791;SKIP_TREND;LONG;2021.10.04 17:01;1753.49;1748.37;1762.83;1762.83;TP;1.824;1.855;0.146;1;0;1770.45;1752.05
2021.10.05;Tue;1750.35;1756.30;5.95;5.91;1.007;1783.45;-1.707;SHORT;SHORT;2021.10.05 17:05;1750.19;1756.30;1738.45;1756.30;SL;-1.000;0.250;1.000;0;0;1762.91;1748.48
2021.10.06;Wed;1756.15;1759.84;3.69;5.85;0.631;1782.68;-1.344;SKIP_TREND;LONG;2021.10.06 17:01;1760.25;1756.15;1767.22;1756.15;SL;-1.000;0.993;1.000;0;0;1764.99;1755.71
2021.10.07;Thu;1753.44;1759.42;5.98;5.70;1.050;1781.81;-1.295;SKIP_TREND;LONG;2021.10.07 17:01;1760.69;1753.44;1771.38;1755.39;FLAT;-0.731;0.328;0.834;0;0;1763.07;1754.64
2021.10.08;Fri;1769.26;1779.92;10.66;5.70;1.872;1780.36;-0.439;SHORT;SHORT;2021.10.08 17:10;1769.10;1779.92;1747.94;1757.17;FLAT;1.103;1.246;0.033;1;0;1774.11;1755.44
2021.10.11;Mon;1754.40;1759.04;4.64;5.80;0.800;1779.21;-1.214;SKIP_TREND;LONG;2021.10.11 17:12;1759.42;1754.40;1768.32;1754.40;SL;-1.000;0.131;1.002;0;0;1760.08;1753.22
2021.10.12;Tue;1757.22;1768.60;11.38;5.80;1.962;1778.03;-0.550;SKIP_TREND;LONG;2021.10.12 17:07;1768.95;1757.22;1791.36;1761.28;FLAT;-0.654;0.000;0.945;0;0;1769.27;1757.87
2021.10.13;Wed;1768.04;1782.71;14.67;5.80;2.529;1777.02;0.256;LONG;LONG;2021.10.13 17:02;1784.75;1768.04;1812.05;1791.79;FLAT;0.421;0.676;0.138;0;0;1796.05;1781.48
2021.10.14;Thu;1793.88;1799.04;5.16;5.97;0.865;1776.64;1.084;LONG;LONG;2021.10.14 17:09;1799.27;1793.88;1809.36;1796.52;FLAT;-0.510;0.000;0.874;0;0;1799.24;1794.56
2021.10.15;Fri;1765.77;1773.76;7.99;5.80;1.378;1776.46;-0.279;SKIP_TREND;LONG;2021.10.15 17:03;1774.07;1765.77;1789.74;1768.20;FLAT;-0.707;0.264;0.946;0;0;1776.26;1766.22
2021.10.18;Mon;1762.69;1769.44;6.75;5.80;1.164;1776.55;-0.442;SKIP_TREND;LONG;2021.10.18 17:10;1770.31;1762.69;1782.94;1764.08;FLAT;-0.818;0.106;0.857;0;0;1771.12;1763.78
2021.10.19;Tue;1776.04;1780.95;4.91;5.97;0.823;1777.25;0.053;SHORT;SHORT;2021.10.19 17:18;1774.18;1780.95;1766.22;1770.33;FLAT;0.569;1.030;0.105;1;0;1779.53;1767.03
2021.10.20;Wed;1774.76;1781.60;6.84;5.97;1.147;1778.05;0.109;LONG;LONG;2021.10.20 17:29;1782.40;1774.76;1795.28;1785.19;FLAT;0.365;0.665;0.151;0;0;1787.48;1776.66
2021.10.21;Thu;1779.40;1785.82;6.42;6.11;1.051;1778.66;0.053;SKIP_TREND;SHORT;2021.10.21 17:02;1778.72;1785.82;1766.56;1784.08;FLAT;-0.755;0.025;0.889;0;0;1784.85;1778.24
2021.10.22;Fri;1804.07;1809.52;5.45;6.20;0.879;1779.26;1.609;LONG;LONG;2021.10.22 17:09;1809.94;1804.07;1820.42;1804.07;SL;-1.000;0.646;1.000;0;0;1813.73;1782.77
2021.10.25;Mon;1802.60;1809.93;7.33;6.20;1.182;1779.52;1.585;NO_BREAKOUT;-;-;0.00;0.00;0.00;0.00;-;0.000;0.000;0.000;0;0;1809.66;1804.95
2021.10.26;Tue;1788.59;1795.88;7.29;6.20;1.176;1779.92;0.558;SKIP_TREND;SHORT;2021.10.26 17:01;1788.45;1795.88;1774.01;1793.54;FLAT;-0.685;0.808;0.918;0;0;1795.03;1782.27
2021.10.27;Wed;1792.46;1798.07;5.61;6.20;0.905;1780.05;0.838;SKIP_TREND;SHORT;2021.10.27 17:07;1792.22;1798.07;1781.24;1798.07;SL;-1.000;1.253;1.002;1;1;1798.97;1784.71
2021.10.28;Thu;1799.45;1810.31;10.86;6.20;1.752;1780.24;1.276;SKIP_TREND;SHORT;2021.10.28 17:31;1798.95;1810.31;1777.73;1798.39;FLAT;0.049;0.574;0.490;0;0;1805.45;1792.19
2021.10.29;Fri;1771.89;1779.50;7.61;6.20;1.227;1780.60;-0.376;LONG;LONG;2021.10.29 17:10;1781.51;1771.89;1794.72;1782.59;FLAT;0.112;0.215;0.789;0;0;1783.58;1771.78
2021.11.01;Mon;1785.58;1792.13;6.55;6.58;0.995;1780.65;0.640;LONG;LONG;2021.11.01 17:01;1792.52;1785.58;1805.23;1792.56;FLAT;0.006;0.465;0.414;0;0;1795.75;1789.65
2021.11.02;Tue;1788.91;1793.37;4.46;6.65;0.671;1780.41;0.578;SKIP_TREND;SHORT;2021.11.02 17:08;1787.98;1793.37;1779.99;1788.44;FLAT;-0.085;0.278;0.983;0;0;1793.10;1786.26
2021.11.03;Wed;1765.51;1770.97;5.46;6.65;0.821;1780.12;-0.746;SHORT;SHORT;2021.11.03 17:01;1764.62;1770.97;1754.59;1770.97;SL;-1.000;0.934;1.000;0;0;1774.99;1758.67
2021.11.04;Thu;1791.33;1795.78;4.45;6.65;0.669;1779.70;0.896;LONG;LONG;2021.11.04 17:01;1797.52;1791.33;1804.68;1791.33;SL;-1.000;0.213;1.000;0;0;1798.84;1790.77
2021.11.05;Fri;1796.40;1802.03;5.63;6.65;0.847;1779.69;1.097;SKIP_TREND;SHORT;2021.11.05 17:11;1796.30;1802.03;1785.14;1802.03;SL;-1.000;0.080;1.000;0;0;1817.98;1795.66
2021.11.08;Mon;1820.40;1824.15;3.75;6.49;0.578;1779.69;2.400;SKIP_TREND;SHORT;2021.11.08 18:01;1820.22;1824.15;1812.90;1824.15;SL;-1.000;0.160;1.000;0;0;1826.44;1819.32
2021.11.09;Tue;1825.74;1830.25;4.51;6.49;0.695;1779.96;2.597;SKIP_TREND;SHORT;2021.11.09 17:02;1825.30;1830.25;1816.72;1830.25;SL;-1.000;0.996;1.002;0;0;1832.68;1820.19
2021.11.10;Wed;1857.09;1868.42;11.33;6.02;1.880;1780.33;4.562;SKIP_TREND;SHORT;2021.11.10 17:11;1856.78;1868.42;1834.43;1852.73;FLAT;0.348;1.307;0.340;1;0;1862.43;1841.39
2021.11.11;Thu;1859.38;1864.27;4.89;6.02;0.812;1781.04;4.418;SKIP_TREND;SHORT;2021.11.11 17:01;1859.01;1864.27;1849.60;1862.70;FLAT;-0.702;0.010;0.928;0;0;1863.64;1858.74
2021.11.12;Fri;1855.20;1859.33;4.13;6.02;0.685;1782.08;4.280;LONG;LONG;2021.11.12 17:02;1860.48;1855.20;1867.59;1867.59;TP;1.347;1.347;0.278;1;1;1868.54;1858.32
2021.11.15;Mon;1859.55;1864.22;4.67;5.62;0.831;1782.82;4.359;SKIP_TREND;SHORT;2021.11.15 17:06;1858.60;1864.22;1850.21;1864.22;SL;-1.000;0.000;1.000;0;0;1867.78;1858.09
2021.11.16;Tue;1859.23;1866.70;7.47;5.53;1.350;1783.61;4.246;SKIP_TREND;SHORT;2021.11.16 17:01;1858.43;1866.70;1844.29;1850.69;FLAT;0.936;1.054;0.750;1;0;1864.32;1849.53
2021.11.17;Wed;1863.61;1867.25;3.64;5.62;0.648;1784.74;4.548;LONG;LONG;2021.11.17 17:12;1867.44;1863.61;1874.53;1863.61;SL;-1.000;0.023;1.003;0;0;1867.98;1860.20
2021.11.18;Thu;1860.60;1865.42;4.82;5.53;0.871;1786.30;4.202;SKIP_TREND;SHORT;2021.11.18 17:01;1860.41;1865.42;1850.96;1860.82;FLAT;-0.082;0.705;0.669;0;0;1863.50;1856.67
2021.11.19;Fri;1857.32;1862.51;5.19;5.46;0.951;1787.59;4.140;SKIP_TREND;SHORT;2021.11.19 17:48;1857.18;1862.51;1846.94;1846.94;TP;1.921;1.923;0.681;1;0;1862.47;1842.84
2021.11.22;Mon;1811.35;1823.53;12.18;5.33;2.287;1788.76;1.697;NO_BREAKOUT;-;-;0.00;0.00;0.00;0.00;-;0.000;0.000;0.000;0;0;1822.07;1802.13
2021.11.23;Tue;1788.36;1793.10;4.74;5.33;0.890;1788.98;0.072;SHORT;SHORT;2021.11.23 17:05;1788.20;1793.10;1778.88;1790.52;FLAT;-0.473;1.251;0.776;1;1;1791.76;1781.85
2021.11.24;Wed;1780.89;1784.60;3.71;5.04;0.736;1788.67;-0.382;SKIP_TREND;LONG;2021.11.24 17:02;1784.90;1780.89;1792.02;1780.89;SL;-1.000;0.000;1.000;0;0;1791.30;1779.48
2021.11.25;Thu;1790.10;1791.35;1.25;4.86;0.257;1788.56;0.115;SKIP_NARROW;SHORT;2021.11.25 17:01;1790.09;1791.35;1787.60;1786.11;FLAT;3.159;1.667;0.437;1;1;1790.81;1787.75
2021.11.26;Fri;1795.24;1804.13;8.89;4.78;1.860;1789.26;0.520;NO_BREAKOUT;-;-;0.00;0.00;0.00;0.00;-;0.000;0.000;0.000;0;0;1802.45;1780.28
2021.11.29;Mon;1784.84;1789.81;4.97;4.78;1.040;1789.98;-0.112;SHORT;SHORT;2021.11.29 18:25;1784.24;1789.81;1774.90;1783.86;FLAT;0.068;0.533;0.303;0;0;1789.62;1781.06
2021.11.30;Tue;1793.68;1804.31;10.63;4.78;2.224;1790.39;0.662;LONG;LONG;2021.11.30 17:03;1805.17;1793.68;1825.57;1793.68;SL;-1.000;0.301;1.013;0;0;1808.63;1769.76
2021.12.01;Wed;1783.05;1789.76;6.71;4.86;1.382;1790.39;-0.127;LONG;LONG;2021.12.01 17:06;1791.85;1783.05;1803.18;1783.05;SL;-1.000;0.000;1.001;0;0;1792.00;1777.29
2021.12.02;Thu;1763.27;1776.07;12.80;4.86;2.636;1790.67;-1.453;NO_BREAKOUT;-;-;0.00;0.00;0.00;0.00;-;0.000;0.000;0.000;0;0;1772.85;1761.83
2021.12.03;Fri;1768.65;1774.38;5.73;4.93;1.162;1791.19;-1.141;SHORT;SHORT;2021.12.03 17:01;1767.35;1774.38;1757.19;1774.38;SL;-1.000;0.048;1.020;0;0;1785.98;1765.51
2021.12.06;Mon;1775.59;1780.13;4.54;4.93;0.921;1791.85;-0.789;SKIP_TREND;LONG;2021.12.06 17:02;1780.46;1775.59;1789.21;1779.11;FLAT;-0.277;0.914;0.653;0;0;1784.91;1777.28
2021.12.07;Tue;1778.37;1781.64;3.27;4.93;0.663;1792.43;-0.716;SKIP_TREND;LONG;2021.12.07 17:19;1781.93;1778.37;1788.18;1785.20;FLAT;0.919;1.624;0.379;1;1;1787.71;1778.75
2021.12.08;Wed;1779.47;1783.27;3.80;4.93;0.771;1793.43;-0.678;SKIP_TREND;LONG;2021.12.08 17:02;1784.38;1779.47;1790.87;1785.51;FLAT;0.230;0.487;0.872;0;0;1786.77;1780.10
2021.12.09;Thu;1773.80;1782.54;8.74;4.86;1.800;1794.56;-0.998;NO_BREAKOUT;-;-;0.00;0.00;0.00;0.00;-;0.000;0.000;0.000;0;0;1780.85;1773.17
2021.12.10;Fri;1778.65;1784.90;6.25;4.90;1.277;1794.93;-0.833;SKIP_TREND;LONG;2021.12.10 18:22;1785.23;1778.65;1797.40;1782.69;FLAT;-0.386;0.166;0.597;0;0;1786.32;1778.90
2021.12.13;Mon;1783.91;1789.17;5.26;5.08;1.035;1795.38;-0.365;NO_BREAKOUT;-;-;0.00;0.00;0.00;0.00;-;0.000;0.000;0.000;0;0;1790.07;1785.26
2021.12.14;Tue;1767.69;1778.12;10.43;5.23;1.996;1795.72;-1.114;NO_BREAKOUT;-;-;0.00;0.00;0.00;0.00;-;0.000;0.000;0.000;0;0;1776.47;1770.15
2021.12.15;Wed;1764.17;1770.27;6.10;5.23;1.167;1795.93;-1.470;NO_BREAKOUT;-;-;0.00;0.00;0.00;0.00;-;0.000;0.000;0.000;0;0;1780.76;1752.22
2021.12.16;Thu;1786.87;1795.07;8.20;5.50;1.492;1796.21;-0.153;SKIP_TREND;LONG;2021.12.16 17:04;1796.29;1786.87;1811.47;1799.30;FLAT;0.320;0.327;0.185;0;0;1799.37;1793.05
2021.12.17;Fri;1804.10;1808.55;4.45;5.91;0.752;1797.08;0.559;LONG;LONG;2021.12.17 17:16;1808.84;1804.10;1817.45;1804.10;SL;-1.000;0.177;1.000;0;0;1809.68;1795.77
2021.12.20;Mon;1791.59;1798.10;6.51;5.91;1.101;1797.91;-0.342;NO_BREAKOUT;-;-;0.00;0.00;0.00;0.00;-;0.000;0.000;0.000;0;0;1797.64;1788.22
2021.12.21;Tue;1792.02;1796.03;4.01;5.91;0.678;1798.64;-0.361;SHORT;SHORT;2021.12.21 17:04;1791.85;1796.03;1784.00;1788.28;FLAT;0.854;1.656;0.187;1;0;1793.68;1784.75
2021.12.22;Wed;1788.78;1794.37;5.59;5.91;0.945;1799.23;-0.501;SKIP_TREND;LONG;2021.12.22 17:51;1794.71;1788.78;1805.55;1804.80;FLAT;1.702;1.720;0.049;1;0;1804.91;1790.20
2021.12.23;Thu;1798.69;1805.95;7.26;5.91;1.227;1799.44;0.187;LONG;LONG;2021.12.23 17:10;1806.33;1798.69;1820.47;1808.74;FLAT;0.315;0.564;0.338;0;0;1810.64;1802.78
2021.12.27;Mon;1807.22;1810.13;2.91;6.17;0.471;1799.70;0.500;SKIP_NARROW;LONG;2021.12.27 17:03;1810.33;1807.22;1815.95;1807.22;SL;-1.000;0.974;1.000;0;0;1813.36;1806.56
2021.12.28;Tue;1811.45;1815.77;4.32;5.91;0.730;1800.58;0.731;SKIP_TREND;SHORT;2021.12.28 17:59;1811.01;1815.77;1802.81;1805.70;FLAT;1.116;1.248;0.303;1;0;1815.35;1804.89
2021.12.29;Wed;1790.49;1797.07;6.58;5.91;1.112;1801.41;-0.285;SKIP_TREND;LONG;2021.12.29 17:03;1797.66;1790.49;1810.23;1804.29;FLAT;0.925;1.117;0.068;1;0;1805.67;1794.62
2021.12.30;Thu;1802.07;1808.54;6.47;5.91;1.094;1802.12;0.207;LONG;LONG;2021.12.30 18:12;1809.07;1802.07;1821.48;1816.93;FLAT;1.123;1.149;0.029;1;0;1817.11;1804.87
