country,exchange,ticker,name,type,mean,std,q5,q95
U.S.,NYSE,C,Citigroup,stock,0.0386,0.0402,0.0101,0.1084
U.S.,NYSE,IBM,IBM,stock,0.0815,0.1031,0.0155,0.2420
U.S.,NYSE,KO,Coca-Cola,stock,0.0258,0.0222,0.0070,0.0667
U.S.,NYSE,WMT,Wal-Mart,stock,0.0133,0.0139,0.0040,0.0332
U.S.,NASDAQ,AAPL,Apple,stock,0.0110,0.0098,0.0035,0.0277
U.S.,NASDAQ,FB,Facebook,stock,0.0079,0.0084,0.0023,0.0199
U.S.,NYSEArca,SPY,SPDR S&P 500 ETF,etf,0.4305,0.3723,0.1200,1.1115
U.S.,NYSEArca,DIA,SPDR Dow Jones Industrial Average ETF,etf,0.3109,0.3046,0.0615,0.8650
U.S.,NYSEArca,XOP,SPDR S&P Oil & Gas Explor & Prodtn ETF,etf,0.2591,0.2386,0.0603,0.7168
U.S.,NYSEArca,OIH,VanEck Vectors Oil Services ETF,etf,0.2367,0.2983,0.0280,0.7299
U.S.,NasdaqGM,QQQ,PowerShares QQQ ETF,etf,1.2281,1.1784,0.2277,3.3477
U.S.,NasdaqGM,IBB,iShares Nasdaq Biotechnology ETF,etf,0.6595,0.7221,0.0896,1.9531
France,EPA,OR,L'Oreal,stock,0.0129,0.0168,0.0026,0.0331
France,EPA,BNP,BNP Paribas,stock,0.0096,0.0091,0.0020,0.0250
U.K.,LON,ULVR,Unilever,stock,0.0027,0.0025,0.0006,0.0068
U.K.,LON,MKS,Marks and Spencer,stock,0.0085,0.0071,0.0022,0.0205
Germany,ETR,ADS,Adidas,stock,0.0044,0.0039,0.0010,0.0111
Netherlands,Amsterdam,PHIA,Philips,stock,0.0058,0.0073,0.0009,0.0162
Japan,TYO,6758JP,Sony,stock,0.0040,0.0048,0.0007,0.0114
Japan,TYO,7731JP,Nikon,stock,0.0063,0.0082,0.0007,0.0203
Japan,TYO,8604JP,Nomura Holdings,stock,0.0038,0.0041,0.0009,0.0113
Japan,TYO,1306JP,Topix ETF,etf,0.0671,0.0912,0.0133,0.2027
Japan,TYO,1321JP,Nikkei 225 ETF,etf,0.0478,0.0553,0.0104,0.1456
Japan,TYO,1330JP,Nikko ETF 225,etf,0.0530,0.0675,0.0095,0.1661
Japan,TYO,1570JP,Topix-1 Nikkei 225 Leveraged ETF,etf,0.0746,0.1007,0.0014,0.2623
Hong Kong,HKEX,5HK,HSBC Holdings,stock,0.1624,0.1738,0.0158,0.4710
Hong Kong,HKEX,700HK,Tencent Holdings,stock,0.0162,0.0228,0.0013,0.0565
Hong Kong,HKEX,941HK,China Mobile,stock,0.0282,0.0407,0.0023,0.0962
Hong Kong,HKEX,2800HK,Tracker Fund of Hong Kong ETF,etf,0.0262,0.0435,0.0009,0.1029
Hong Kong,HKEX,2823HK,A50 China Tracker ETF,etf,2.0580,2.4431,0.2745,6.4978
