ticker,outliers,dyn_rkf,dyn_kf,dyn_cmem,st_rkf,st_kf,st_cmem,st_rm
SPY,none,0.24,0.24,0.26,0.36,0.36,0.39,0.41
SPY,small,0.27,0.29,0.48,0.37,0.37,0.56,0.54
SPY,medium,0.27,0.30,,0.38,0.39,,0.61
SPY,large,0.29,0.33,,0.40,0.44,,0.68
DIA,none,0.38,0.38,0.45,0.51,0.51,0.64,0.73
DIA,small,0.39,0.40,0.79,0.51,0.52,0.90,0.91
DIA,medium,0.40,0.43,1.13,0.53,0.54,1.12,1.15
DIA,large,0.43,0.48,1.18,0.56,0.61,1.21,1.32
IBM,none,0.24,0.24,0.28,0.35,0.35,0.38,0.42
IBM,small,0.26,0.28,,0.35,0.36,,0.56
IBM,medium,0.27,0.30,,0.36,0.37,,0.58
IBM,large,0.28,0.32,,0.39,0.43,,0.64
