ticker,dyn_rkf_mean,dyn_rkf_std,dyn_kf_mean,dyn_kf_std,dyn_cmem_mean,dyn_cmem_std,st_rkf_mean,st_rkf_std,st_kf_mean,st_kf_std,st_cmem_mean,st_cmem_std,st_rm_mean,st_rm_std
AAPL,0.21,0.17,0.21,0.17,0.23,0.20,0.32,0.27,0.32,0.27,0.36,0.32,0.44,0.40
FB,0.23,0.19,0.23,0.19,0.25,0.24,0.34,0.29,0.34,0.29,0.38,0.37,0.47,0.43
C,0.24,0.21,0.25,0.21,0.27,0.25,0.35,0.29,0.35,0.29,0.37,0.33,0.41,0.36
IBM,0.24,0.20,0.24,0.21,0.27,0.28,0.35,0.29,0.35,0.30,0.38,0.35,0.42,0.41
KO,0.25,0.21,0.25,0.22,0.29,0.27,0.35,0.30,0.35,0.31,0.39,0.36,0.41,0.39
WMT,0.23,0.19,0.23,0.19,0.24,0.21,0.33,0.27,0.33,0.29,0.31,0.26,0.33,0.24
SPY,0.24,0.19,0.24,0.19,0.26,0.22,0.36,0.31,0.36,0.31,0.39,0.35,0.41,0.38
DIA,0.38,0.35,0.38,0.36,0.45,0.47,0.51,0.51,0.51,0.51,0.64,0.72,0.73,0.87
QQQ,0.30,0.26,0.30,0.27,0.33,0.31,0.42,0.41,0.41,0.39,0.45,0.44,0.45,0.48
IBB,0.42,0.41,0.42,0.42,0.49,0.54,0.58,0.61,0.58,0.61,0.72,0.84,0.73,0.89
XOP,0.35,0.31,0.35,0.32,0.41,0.40,0.43,0.42,0.43,0.41,0.53,0.55,0.71,0.84
OIH,0.40,0.39,0.41,0.41,0.50,0.58,0.52,0.57,0.54,0.63,0.64,0.77,0.69,0.83
ADS,0.42,0.45,0.42,0.46,0.57,0.72,0.59,0.67,0.59,0.67,0.87,1.07,1.08,1.38
PHIA,0.40,0.40,0.41,0.41,0.50,0.57,0.53,0.57,0.53,0.57,0.65,0.75,0.70,0.81
OR,0.39,0.40,0.40,0.42,0.48,0.56,0.52,0.58,0.52,0.59,0.61,0.74,0.65,0.79
BNP,0.35,0.34,0.35,0.35,0.42,0.45,0.47,0.48,0.47,0.48,0.63,0.69,0.75,0.85
ULVR,0.43,0.46,0.43,0.46,0.53,0.64,0.52,0.59,0.52,0.59,0.68,0.82,0.73,0.92
MKS,0.70,8.07,0.69,8.06,0.89,10.47,0.89,12.41,0.86,11.87,1.18,17.03,1.20,16.62
5HK,0.41,0.43,0.41,0.44,0.49,0.60,0.58,0.66,0.59,0.67,0.72,1.02,0.83,1.26
700HK,0.32,0.29,0.32,0.29,0.37,0.37,0.46,0.47,0.46,0.48,0.57,0.63,0.59,0.69
941HK,0.31,0.29,0.31,0.29,0.36,0.37,0.42,0.42,0.42,0.42,0.53,0.60,0.79,0.94
6758JP,0.25,0.23,0.26,0.24,0.31,0.29,0.38,0.39,0.37,0.36,0.47,0.47,0.63,0.69
7731JP,0.33,0.32,0.33,0.33,0.39,0.45,0.48,0.51,0.48,0.50,0.60,0.67,0.68,0.81
8604JP,0.26,0.22,0.26,0.22,0.30,0.28,0.39,0.35,0.39,0.35,0.48,0.44,0.59,0.58
2800HK,1.94,9.12,1.96,9.52,3.53,16.76,2.20,10.86,2.28,12.07,4.15,21.21,4.45,21.28
2823HK,0.65,2.43,0.65,2.36,0.86,4.17,0.87,3.16,0.90,3.25,1.39,6.32,1.72,7.85
1306JP,0.96,15.50,0.93,14.17,1.57,29.18,1.42,26.66,1.36,23.43,2.43,52.30,3.21,56.93
1321JP,0.72,1.79,0.71,1.52,1.11,3.03,0.95,2.11,0.93,1.91,1.61,4.10,2.22,6.09
1330JP,1.28,5.40,1.27,5.39,2.45,9.45,1.53,6.33,1.52,6.22,3.29,13.13,9.89,39.72
1570JP,0.37,0.37,0.37,0.37,0.45,0.51,0.48,0.54,0.48,0.54,0.62,0.78,1.37,1.59
